-- phpMyAdmin SQL Dump
-- version 4.0.10.7
-- http://www.phpmyadmin.net
--
-- Host: localhost
-- Generation Time: Jun 29, 2016 at 05:20 AM
-- Server version: 5.5.45-cll-lve
-- PHP Version: 5.4.31

SET SQL_MODE = "NO_AUTO_VALUE_ON_ZERO";
SET time_zone = "+00:00";


/*!40101 SET @OLD_CHARACTER_SET_CLIENT=@@CHARACTER_SET_CLIENT */;
/*!40101 SET @OLD_CHARACTER_SET_RESULTS=@@CHARACTER_SET_RESULTS */;
/*!40101 SET @OLD_COLLATION_CONNECTION=@@COLLATION_CONNECTION */;
/*!40101 SET NAMES utf8 */;

--
-- Database: `pedicab`
--

-- --------------------------------------------------------

--
-- Table structure for table `admin`
--

CREATE TABLE IF NOT EXISTS `admin` (
  `id` int(11) NOT NULL AUTO_INCREMENT,
  `name` varchar(250) CHARACTER SET latin1 NOT NULL,
  `mobile` varchar(255) NOT NULL,
  `address` varchar(250) CHARACTER SET latin1 NOT NULL,
  `profile_pic` longtext CHARACTER SET latin1 NOT NULL,
  `username` varchar(250) CHARACTER SET latin1 NOT NULL,
  `email` varchar(250) CHARACTER SET latin1 NOT NULL,
  `password` varchar(250) CHARACTER SET latin1 NOT NULL,
  `created_at` datetime NOT NULL,
  `created_by` int(11) NOT NULL,
  `modified_at` datetime NOT NULL,
  `modified_by` int(11) NOT NULL,
  `is_active` tinyint(1) NOT NULL DEFAULT '1',
  `is_deleted` tinyint(1) NOT NULL,
  PRIMARY KEY (`id`)
) ENGINE=InnoDB  DEFAULT CHARSET=utf8 AUTO_INCREMENT=3 ;

--
-- Dumping data for table `admin`
--

INSERT INTO `admin` (`id`, `name`, `mobile`, `address`, `profile_pic`, `username`, `email`, `password`, `created_at`, `created_by`, `modified_at`, `modified_by`, `is_active`, `is_deleted`) VALUES
(1, 'Admin', '2147483647', 'Noida', 'portfolio11.jpg', 'admin', 'admin@gmail.com', '123456', '0000-00-00 00:00:00', 0, '0000-00-00 00:00:00', 0, 1, 0),
(2, 'tester', '777777777', 'noida', 'portfolio11.jpg', 'test', 'test@gmail.com', '7c4a8d09ca3762af61e59520943dc26494f8941b', '2016-04-28 00:00:00', 2, '2016-04-28 00:00:00', 2, 1, 0);

-- --------------------------------------------------------

--
-- Table structure for table `advertisement`
--

CREATE TABLE IF NOT EXISTS `advertisement` (
  `id` int(100) NOT NULL AUTO_INCREMENT,
  `type` tinyint(1) NOT NULL COMMENT '1: google map 2: Banner',
  `title` varchar(255) NOT NULL,
  `image` varchar(1000) CHARACTER SET latin1 NOT NULL,
  `banner_url` varchar(255) NOT NULL,
  `add_code` mediumtext NOT NULL,
  `created_at` datetime NOT NULL,
  `created_by` int(11) NOT NULL,
  `modified_at` datetime NOT NULL,
  `modified_by` int(11) NOT NULL,
  `is_active` tinyint(1) NOT NULL DEFAULT '1',
  `is_deleted` tinyint(1) NOT NULL,
  PRIMARY KEY (`id`)
) ENGINE=InnoDB  DEFAULT CHARSET=utf8 AUTO_INCREMENT=16 ;

--
-- Dumping data for table `advertisement`
--

INSERT INTO `advertisement` (`id`, `type`, `title`, `image`, `banner_url`, `add_code`, `created_at`, `created_by`, `modified_at`, `modified_by`, `is_active`, `is_deleted`) VALUES
(1, 1, 'Home Page Logo right', 'room-2.jpg', '', '', '2015-12-18 15:49:07', 1, '2016-02-12 16:37:23', 1, 1, 0),
(2, 1, 'Home Page   Popular Locations  left', '', '', 'testing', '2015-12-21 18:12:35', 1, '2016-02-11 14:44:22', 1, 1, 0),
(3, 1, 'Home Page   Popular Locations  right', '', '', '', '0000-00-00 00:00:00', 0, '2016-02-11 14:44:30', 1, 1, 0),
(4, 1, 'Home Page   Booking on RentYourHall left', '', '', '', '0000-00-00 00:00:00', 0, '2016-02-11 14:44:50', 1, 1, 0),
(5, 1, 'Home Page   Booking on RentYourHall right', '', '', 'AAAAAAAAA', '2015-12-18 15:49:07', 1, '2016-02-11 14:44:59', 1, 1, 0),
(6, 1, 'find a venue      left', '', '', 'test<br>', '2015-12-18 15:49:07', 1, '2016-02-11 14:46:08', 1, 1, 0),
(7, 1, 'find a venue      right', '', '', 'test<br>', '2015-12-18 15:49:07', 1, '2016-02-11 14:46:16', 1, 1, 0),
(8, 1, 'Vendor signup left', '', '', 'test<br>', '2015-12-18 15:49:07', 1, '2016-02-11 14:46:34', 1, 1, 0),
(9, 1, 'Vendor signup right', '', '', 'test<br>', '2015-12-18 15:49:07', 1, '2016-02-11 14:46:41', 1, 1, 0),
(10, 1, 'Not a hall owner left', '', '', 'test<br>', '2015-12-18 15:49:07', 1, '2016-02-11 14:47:03', 1, 1, 0),
(11, 1, 'Not a hall owner right', '', '', 'test<br>', '2015-12-18 15:49:07', 1, '2016-02-11 14:47:13', 1, 1, 0),
(12, 1, 'Transaction Right ', '', '', 'test<br>', '2015-12-18 15:49:07', 1, '2016-02-11 14:47:45', 1, 1, 0),
(13, 1, ' BlogSection   left', '', '', 'test<br>', '2015-12-18 15:49:07', 1, '2016-02-11 14:48:47', 1, 1, 0),
(14, 1, 'Page details left', '', '', 'test<br>', '2015-12-18 15:49:07', 1, '2016-02-11 14:50:09', 1, 1, 0),
(15, 1, 'Page details left right', '', '', 'test<br>', '2015-12-18 15:49:07', 1, '2016-02-11 14:50:13', 1, 1, 0);

-- --------------------------------------------------------

--
-- Table structure for table `banner`
--

CREATE TABLE IF NOT EXISTS `banner` (
  `id` int(100) NOT NULL AUTO_INCREMENT,
  `title` varchar(255) NOT NULL,
  `image` varchar(1000) CHARACTER SET latin1 NOT NULL,
  `desc` mediumtext NOT NULL,
  `created_at` datetime NOT NULL,
  `created_by` int(11) NOT NULL,
  `modified_at` datetime NOT NULL,
  `modified_by` int(11) NOT NULL,
  `is_active` tinyint(1) NOT NULL DEFAULT '1',
  `is_deleted` tinyint(1) NOT NULL,
  PRIMARY KEY (`id`)
) ENGINE=InnoDB  DEFAULT CHARSET=utf8 AUTO_INCREMENT=3 ;

--
-- Dumping data for table `banner`
--

INSERT INTO `banner` (`id`, `title`, `image`, `desc`, `created_at`, `created_by`, `modified_at`, `modified_by`, `is_active`, `is_deleted`) VALUES
(1, 'Second Banner', 'slider11.jpg', 'test<br>', '2015-12-18 15:49:07', 1, '2016-01-19 12:32:59', 1, 1, 0),
(2, 'First Banner', 'slider1.jpg', 'testing', '2015-12-21 18:12:35', 1, '2016-01-19 12:33:06', 1, 1, 0);

-- --------------------------------------------------------

--
-- Table structure for table `blogs`
--

CREATE TABLE IF NOT EXISTS `blogs` (
  `id` int(11) NOT NULL AUTO_INCREMENT,
  `title` varchar(255) NOT NULL,
  `description` longtext NOT NULL,
  `image` varchar(255) NOT NULL,
  `meta_title` varchar(255) NOT NULL,
  `meta_description` longtext NOT NULL,
  `meta_keyword` longtext NOT NULL,
  `created_at` datetime NOT NULL,
  `created_by` int(11) NOT NULL,
  `modified_at` datetime NOT NULL,
  `modified_by` int(11) NOT NULL,
  `is_active` tinyint(1) NOT NULL DEFAULT '1',
  `is_deleted` tinyint(1) NOT NULL,
  PRIMARY KEY (`id`)
) ENGINE=InnoDB  DEFAULT CHARSET=utf8 AUTO_INCREMENT=38 ;

--
-- Dumping data for table `blogs`
--

INSERT INTO `blogs` (`id`, `title`, `description`, `image`, `meta_title`, `meta_description`, `meta_keyword`, `created_at`, `created_by`, `modified_at`, `modified_by`, `is_active`, `is_deleted`) VALUES
(1, 'Lorem Ipsum is simply', 'Lorem Ipsum is simply dummy text of the printing and typesetting industry. Lorem Ipsum has been the industry''s standard dummy text ever since the 1500s, when an unknown printer took a galley of type and scrambled it to make a type specimen book. It has survived not only five centuries, but also the leap into electronic typesetting, remaining essentially unchanged. It was popularised in the 1960s with the release of Letraset sheets containing Lorem Ipsum passages, and more recently with desktop publishing software like Aldus PageMaker including versions of Lorem Ipsum.', 'portfolio2.jpg', 'AA', 'serewt', 'restre', '2016-01-12 00:00:00', 0, '2016-01-21 19:01:50', 0, 1, 0),
(2, 'Lorem Ipsum is simply', 'Lorem Ipsum is simply dummy text of the printing and typesetting industry. Lorem Ipsum has been the industry''s standard dummy text ever since the 1500s, when an unknown printer took a galley of type and scrambled it to make a type specimen book. It has survived not only five centuries, but also the leap into electronic typesetting, remaining essentially unchanged. It was popularised in the 1960s with the release of Letraset sheets containing Lorem Ipsum passages, and more recently with desktop publishing software like Aldus PageMaker including versions of Lorem Ipsum.', 'portfolio1.jpg', 'Lorem Ipsum is simply', 'Lorem Ipsum is simply', 'Lorem Ipsum is simply', '2015-12-01 16:46:32', 1, '2016-01-21 19:02:30', 0, 1, 0),
(37, 'Lorem Ipsum is simply', 'Lorem Ipsum is simply', 'portfolio4.jpg', 'Lorem Ipsum is simply', 'Lorem Ipsum is simply', 'Lorem Ipsum is simply', '2016-01-20 11:53:55', 1, '2016-01-21 19:02:22', 0, 1, 0);

-- --------------------------------------------------------

--
-- Table structure for table `blog_comment`
--

CREATE TABLE IF NOT EXISTS `blog_comment` (
  `id` int(11) NOT NULL AUTO_INCREMENT,
  `blog_id` int(11) NOT NULL,
  `name` varchar(255) NOT NULL,
  `email` varchar(255) NOT NULL,
  `message` text NOT NULL,
  `created_at` datetime NOT NULL,
  `created_by` int(11) NOT NULL,
  `modified_at` datetime NOT NULL,
  `modified_by` int(11) NOT NULL,
  `is_active` tinyint(1) NOT NULL,
  `is_deleted` tinyint(1) NOT NULL,
  PRIMARY KEY (`id`)
) ENGINE=InnoDB  DEFAULT CHARSET=utf8 AUTO_INCREMENT=29 ;

--
-- Dumping data for table `blog_comment`
--

INSERT INTO `blog_comment` (`id`, `blog_id`, `name`, `email`, `message`, `created_at`, `created_by`, `modified_at`, `modified_by`, `is_active`, `is_deleted`) VALUES
(1, 1, 'test', 'test@gmail.com', 'Lorem Ipsum is simply dummy text of the printing and typesetting industry. Lorem Ipsum has been the industry''s standard dummy text ever since the 1500s, when an unknown printer took a galley of type and scrambled it to make a type specimen book. It has survived not only five centuries, but also the leap into electronic typesetting, remaining essentially unchanged. It was popularised in the 1960s with the release of Letraset sheets containing Lorem Ipsum passages, and more recently with desktop publishing software like Aldus PageMaker including versions of Lorem Ipsum.', '2015-12-09 15:02:21', 1, '2016-01-21 18:32:57', 1, 1, 0),
(14, 1, 'test1', 'test1@gmail.com', 'zdgdftytfguyhfguhj', '2016-01-20 00:00:00', 1, '2016-01-20 00:00:00', 1, 1, 0),
(18, 2, 'rrrrrr', 'rrrrrr@rrr.rrrr', 'rrrrrrrr', '2016-01-20 15:33:47', 1, '0000-00-00 00:00:00', 0, 1, 0),
(23, 2, 'Hemmo MAa', 'asasas@gmail.com', 'assasa', '2016-01-21 18:31:39', 0, '2016-01-21 18:33:35', 1, 1, 0),
(24, 1, 'dsftgdrst', 'dfyhutrf@fghf.fguhyf', 'cfhyty', '2016-01-21 18:35:32', 0, '0000-00-00 00:00:00', 0, 0, 0),
(25, 1, 'dsgtsdtg', 'dsrgtrds@eter.uiuyi', 'fgdft', '2016-01-21 18:36:28', 0, '0000-00-00 00:00:00', 0, 0, 0),
(26, 37, 'test', 'test@gmail.com', 'testing', '2016-01-29 10:38:08', 0, '2016-01-29 10:38:51', 1, 1, 0),
(27, 37, 'xg', 'gf@asdfr.gh', 'dfyy', '2016-02-01 14:55:10', 0, '0000-00-00 00:00:00', 0, 0, 0),
(28, 37, 'cgxfg', 'cvhb@zxf.vbjghuj', 'cxghfy', '2016-02-10 18:14:01', 0, '2016-02-10 18:14:14', 1, 1, 0);

-- --------------------------------------------------------

--
-- Table structure for table `cities`
--

CREATE TABLE IF NOT EXISTS `cities` (
  `id` int(100) NOT NULL AUTO_INCREMENT,
  `state_id` int(11) NOT NULL,
  `city` varchar(255) NOT NULL,
  `created_at` datetime NOT NULL,
  `created_by` int(11) NOT NULL,
  `modified_at` datetime NOT NULL,
  `modified_by` int(11) NOT NULL,
  `is_active` tinyint(1) NOT NULL DEFAULT '1',
  `is_deleted` tinyint(1) NOT NULL,
  PRIMARY KEY (`id`)
) ENGINE=InnoDB  DEFAULT CHARSET=utf8 AUTO_INCREMENT=549 ;

--
-- Dumping data for table `cities`
--

INSERT INTO `cities` (`id`, `state_id`, `city`, `created_at`, `created_by`, `modified_at`, `modified_by`, `is_active`, `is_deleted`) VALUES
(1, 1, 'Aba', '2016-01-07 14:59:59', 1, '0000-00-00 00:00:00', 0, 1, 0),
(2, 1, 'Amaigbo', '2016-01-07 15:00:10', 1, '0000-00-00 00:00:00', 0, 1, 0),
(3, 1, 'Arochuku', '2016-01-07 15:00:20', 1, '0000-00-00 00:00:00', 0, 1, 0),
(4, 1, 'Bende', '2016-01-07 15:00:29', 1, '0000-00-00 00:00:00', 0, 1, 0),
(5, 1, 'Ohafia', '2016-01-07 15:00:40', 1, '0000-00-00 00:00:00', 0, 1, 0),
(6, 1, 'Okwe', '2016-01-07 15:00:55', 1, '0000-00-00 00:00:00', 0, 1, 0),
(7, 1, 'Umuahia', '2016-01-07 15:01:03', 1, '0000-00-00 00:00:00', 0, 1, 0),
(8, 2, 'Abaji', '2016-01-07 15:01:38', 1, '0000-00-00 00:00:00', 0, 1, 0),
(9, 2, 'Abuja', '2016-01-07 15:01:50', 1, '0000-00-00 00:00:00', 0, 1, 0),
(10, 2, 'Gwagwalada', '2016-01-07 15:01:59', 1, '0000-00-00 00:00:00', 0, 1, 0),
(11, 2, 'Gwi', '2016-01-07 15:02:09', 1, '0000-00-00 00:00:00', 0, 1, 0),
(12, 2, 'Kwali', '2016-01-07 15:02:18', 1, '0000-00-00 00:00:00', 0, 1, 0),
(13, 2, 'Zubo', '2016-01-07 15:02:34', 1, '0000-00-00 00:00:00', 0, 1, 0),
(14, 3, 'Gaanda', '2016-01-07 15:03:00', 1, '0000-00-00 00:00:00', 0, 1, 0),
(15, 3, 'Ganye', '2016-01-07 15:03:08', 1, '0000-00-00 00:00:00', 0, 1, 0),
(16, 3, 'Gombi', '2016-01-07 15:03:20', 1, '0000-00-00 00:00:00', 0, 1, 0),
(17, 3, 'Holma', '2016-01-07 15:07:20', 1, '0000-00-00 00:00:00', 0, 1, 0),
(18, 3, 'Jimeta', '2016-01-07 15:07:36', 1, '0000-00-00 00:00:00', 0, 1, 0),
(19, 3, 'Lau', '2016-01-07 15:07:45', 1, '0000-00-00 00:00:00', 0, 1, 0),
(20, 3, 'Mayo Belwa', '2016-01-07 15:07:57', 1, '0000-00-00 00:00:00', 0, 1, 0),
(21, 3, 'Mubi', '2016-01-07 15:08:06', 1, '0000-00-00 00:00:00', 0, 1, 0),
(22, 3, 'Ngurore', '2016-01-07 15:08:13', 1, '0000-00-00 00:00:00', 0, 1, 0),
(23, 3, 'Numan', '2016-01-07 15:08:21', 1, '0000-00-00 00:00:00', 0, 1, 0),
(24, 3, 'Toungo', '2016-01-07 15:11:40', 1, '0000-00-00 00:00:00', 0, 1, 0),
(25, 3, 'Yan', '2016-01-07 15:11:49', 1, '0000-00-00 00:00:00', 0, 1, 0),
(26, 3, 'Yola', '2016-01-07 15:11:57', 1, '0000-00-00 00:00:00', 0, 1, 0),
(27, 4, 'Abak', '2016-01-07 15:12:38', 1, '0000-00-00 00:00:00', 0, 1, 0),
(28, 4, 'Eket', '2016-01-07 15:12:46', 1, '0000-00-00 00:00:00', 0, 1, 0),
(29, 4, 'Etinan', '2016-01-07 15:12:56', 1, '0000-00-00 00:00:00', 0, 1, 0),
(30, 4, 'Ikot Ekpene', '2016-01-07 15:13:05', 1, '0000-00-00 00:00:00', 0, 1, 0),
(31, 4, 'Itu', '2016-01-07 15:13:12', 1, '0000-00-00 00:00:00', 0, 1, 0),
(32, 4, 'Oron', '2016-01-07 15:13:22', 1, '0000-00-00 00:00:00', 0, 1, 0),
(33, 4, 'Uyo', '2016-01-07 15:13:42', 1, '0000-00-00 00:00:00', 0, 1, 0),
(34, 5, 'Agulu', '2016-01-07 15:14:14', 1, '0000-00-00 00:00:00', 0, 1, 0),
(35, 5, 'Agweri', '2016-01-07 15:14:27', 1, '0000-00-00 00:00:00', 0, 1, 0),
(36, 5, 'Awka', '2016-01-07 15:14:41', 1, '0000-00-00 00:00:00', 0, 1, 0),
(37, 5, 'Enugu Ukwu', '0000-00-00 00:00:00', 0, '0000-00-00 00:00:00', 0, 1, 0),
(38, 5, 'Igbo Ukwu', '0000-00-00 00:00:00', 0, '0000-00-00 00:00:00', 0, 1, 0),
(39, 5, 'Ihiala', '0000-00-00 00:00:00', 0, '0000-00-00 00:00:00', 0, 1, 0),
(40, 5, 'Nkpor', '2016-01-07 15:16:45', 1, '0000-00-00 00:00:00', 0, 1, 0),
(41, 5, 'Nnewi', '2016-01-07 15:16:54', 1, '0000-00-00 00:00:00', 0, 1, 0),
(42, 5, 'Obosi', '2016-01-07 15:17:08', 1, '0000-00-00 00:00:00', 0, 1, 0),
(43, 5, 'Okija', '2016-01-07 15:17:22', 1, '0000-00-00 00:00:00', 0, 1, 0),
(44, 5, 'Okpoko', '2016-01-07 15:17:37', 1, '0000-00-00 00:00:00', 0, 1, 0),
(45, 5, 'Onitsha', '2016-01-07 15:17:46', 1, '0000-00-00 00:00:00', 0, 1, 0),
(46, 5, 'Ozubulu', '2016-01-07 15:18:00', 1, '0000-00-00 00:00:00', 0, 1, 0),
(47, 5, 'Uga', '2016-01-07 15:18:08', 1, '0000-00-00 00:00:00', 0, 1, 0),
(48, 6, 'Azare', '2016-01-07 15:19:20', 1, '0000-00-00 00:00:00', 0, 1, 0),
(49, 6, 'Bara', '2016-01-07 15:31:20', 1, '0000-00-00 00:00:00', 0, 1, 0),
(50, 6, 'Bauchi', '2016-01-07 15:31:21', 1, '0000-00-00 00:00:00', 0, 1, 0),
(51, 6, 'Boi', '2016-01-07 15:31:21', 1, '0000-00-00 00:00:00', 0, 1, 0),
(52, 6, 'Bununu Dass', '2016-01-07 15:31:21', 1, '0000-00-00 00:00:00', 0, 1, 0),
(53, 6, 'Bununu Kasa', '2016-01-07 15:31:21', 1, '0000-00-00 00:00:00', 0, 1, 0),
(54, 6, 'Dadiya', '2016-01-07 15:31:21', 1, '0000-00-00 00:00:00', 0, 1, 0),
(55, 6, 'Darazo', '2016-01-07 15:31:21', 1, '0000-00-00 00:00:00', 0, 1, 0),
(56, 6, 'Dawaki', '2016-01-07 15:31:21', 1, '0000-00-00 00:00:00', 0, 1, 0),
(57, 6, 'Dindima', '2016-01-07 15:31:21', 1, '0000-00-00 00:00:00', 0, 1, 0),
(58, 6, 'Disina', '2016-01-07 15:31:21', 1, '0000-00-00 00:00:00', 0, 1, 0),
(59, 6, 'Faggo', '2016-01-07 15:31:21', 1, '0000-00-00 00:00:00', 0, 1, 0),
(60, 6, 'Gabarin', '2016-01-07 15:31:21', 1, '0000-00-00 00:00:00', 0, 1, 0),
(61, 6, 'Gamawa', '2016-01-07 15:31:21', 1, '0000-00-00 00:00:00', 0, 1, 0),
(62, 6, 'Garko', '2016-01-07 15:31:21', 1, '0000-00-00 00:00:00', 0, 1, 0),
(63, 6, 'Gwaram', '2016-01-07 15:31:21', 1, '0000-00-00 00:00:00', 0, 1, 0),
(64, 6, 'Hinna', '2016-01-07 15:31:21', 1, '0000-00-00 00:00:00', 0, 1, 0),
(65, 6, 'Jemma', '2016-01-07 15:31:21', 1, '0000-00-00 00:00:00', 0, 1, 0),
(66, 6, 'Kari', '2016-01-07 15:31:21', 1, '0000-00-00 00:00:00', 0, 1, 0),
(67, 6, 'Katagum', '2016-01-07 15:31:21', 1, '0000-00-00 00:00:00', 0, 1, 0),
(68, 6, 'Lame', '2016-01-07 15:31:21', 1, '0000-00-00 00:00:00', 0, 1, 0),
(69, 6, 'Lere', '2016-01-07 15:31:21', 1, '0000-00-00 00:00:00', 0, 1, 0),
(70, 6, 'Liman', '2016-01-07 15:31:21', 1, '0000-00-00 00:00:00', 0, 1, 0),
(71, 6, 'Madara', '2016-01-07 15:31:21', 1, '0000-00-00 00:00:00', 0, 1, 0),
(72, 6, 'Misau', '2016-01-07 15:31:21', 1, '0000-00-00 00:00:00', 0, 1, 0),
(73, 6, 'Pindiga', '2016-01-07 15:31:22', 1, '0000-00-00 00:00:00', 0, 1, 0),
(74, 6, 'Sade', '2016-01-07 15:31:22', 1, '0000-00-00 00:00:00', 0, 1, 0),
(75, 6, 'Tula', '2016-01-07 15:31:22', 1, '0000-00-00 00:00:00', 0, 1, 0),
(76, 6, 'Yamrat', '2016-01-07 15:31:22', 1, '0000-00-00 00:00:00', 0, 1, 0),
(77, 6, 'Yanda Bayo', '2016-01-07 15:31:22', 1, '0000-00-00 00:00:00', 0, 1, 0),
(78, 6, 'Yuli', '2016-01-07 15:31:22', 1, '0000-00-00 00:00:00', 0, 1, 0),
(79, 6, 'Zadawa', '2016-01-07 15:31:22', 1, '0000-00-00 00:00:00', 0, 1, 0),
(80, 6, 'Zalanga', '2016-01-07 15:31:22', 1, '0000-00-00 00:00:00', 0, 1, 0),
(81, 7, 'Amassama', '2016-01-07 15:33:36', 1, '0000-00-00 00:00:00', 0, 1, 0),
(82, 7, 'Brass', '2016-01-07 15:33:36', 1, '0000-00-00 00:00:00', 0, 1, 0),
(83, 7, 'Nembe', '2016-01-07 15:33:36', 1, '0000-00-00 00:00:00', 0, 1, 0),
(84, 7, 'Yenagoa', '2016-01-07 15:33:36', 1, '0000-00-00 00:00:00', 0, 1, 0),
(85, 8, 'Aliade', '2016-01-07 15:36:54', 1, '0000-00-00 00:00:00', 0, 1, 0),
(86, 8, 'Ankpa', '2016-01-07 15:36:54', 1, '0000-00-00 00:00:00', 0, 1, 0),
(87, 8, 'Boju', '2016-01-07 15:36:54', 1, '0000-00-00 00:00:00', 0, 1, 0),
(88, 8, 'Bopo', '2016-01-07 15:36:54', 1, '0000-00-00 00:00:00', 0, 1, 0),
(89, 8, 'Bugana', '2016-01-07 15:36:54', 1, '0000-00-00 00:00:00', 0, 1, 0),
(90, 8, 'Gboko', '2016-01-07 15:36:54', 1, '0000-00-00 00:00:00', 0, 1, 0),
(91, 8, 'Igbor', '2016-01-07 15:36:54', 1, '0000-00-00 00:00:00', 0, 1, 0),
(92, 8, 'Iyale', '2016-01-07 15:36:55', 1, '0000-00-00 00:00:00', 0, 1, 0),
(93, 8, 'Katsina Ala', '2016-01-07 15:36:55', 1, '0000-00-00 00:00:00', 0, 1, 0),
(94, 8, 'Makurdi', '2016-01-07 15:36:55', 1, '0000-00-00 00:00:00', 0, 1, 0),
(95, 8, 'Ochobo', '2016-01-07 15:36:55', 1, '0000-00-00 00:00:00', 0, 1, 0),
(96, 8, 'Otukpa', '2016-01-07 15:36:55', 1, '0000-00-00 00:00:00', 0, 1, 0),
(97, 8, 'Otukpo', '2016-01-07 15:36:55', 1, '0000-00-00 00:00:00', 0, 1, 0),
(98, 8, 'Yandev', '2016-01-07 15:36:55', 1, '0000-00-00 00:00:00', 0, 1, 0),
(99, 8, 'Zaki Biam', '2016-01-07 15:36:55', 1, '0000-00-00 00:00:00', 0, 1, 0),
(100, 9, 'Baga', '2016-01-07 15:44:06', 1, '0000-00-00 00:00:00', 0, 1, 0),
(101, 9, 'Bama', '2016-01-07 15:44:06', 1, '0000-00-00 00:00:00', 0, 1, 0),
(102, 9, 'Biu', '2016-01-07 15:44:06', 1, '0000-00-00 00:00:00', 0, 1, 0),
(103, 9, 'Bornu', '2016-01-07 15:44:06', 1, '0000-00-00 00:00:00', 0, 1, 0),
(104, 9, 'Bornu Yassa', '2016-01-07 15:44:06', 1, '0000-00-00 00:00:00', 0, 1, 0),
(105, 9, 'Chibuk', '2016-01-07 15:44:06', 1, '0000-00-00 00:00:00', 0, 1, 0),
(106, 9, 'Damasak', '2016-01-07 15:44:06', 1, '0000-00-00 00:00:00', 0, 1, 0),
(107, 9, 'Damasak', '2016-01-07 15:44:06', 1, '0000-00-00 00:00:00', 0, 1, 0),
(108, 9, 'Damboa', '2016-01-07 15:44:06', 1, '0000-00-00 00:00:00', 0, 1, 0),
(109, 9, 'Dikwa', '2016-01-07 15:44:06', 1, '0000-00-00 00:00:00', 0, 1, 0),
(110, 9, 'Gajiram', '2016-01-07 15:44:06', 1, '0000-00-00 00:00:00', 0, 1, 0),
(111, 9, 'Gamboru', '2016-01-07 15:44:06', 1, '0000-00-00 00:00:00', 0, 1, 0),
(112, 9, 'Garkida', '2016-01-07 15:44:06', 1, '0000-00-00 00:00:00', 0, 1, 0),
(113, 9, 'Gubio', '2016-01-07 15:44:06', 1, '0000-00-00 00:00:00', 0, 1, 0),
(114, 9, 'Gwoza', '2016-01-07 15:44:06', 1, '0000-00-00 00:00:00', 0, 1, 0),
(115, 9, 'Konduga', '2016-01-07 15:44:06', 1, '0000-00-00 00:00:00', 0, 1, 0),
(116, 9, 'Kukawa', '2016-01-07 15:44:06', 1, '0000-00-00 00:00:00', 0, 1, 0),
(117, 9, 'Madagli', '2016-01-07 15:44:06', 1, '0000-00-00 00:00:00', 0, 1, 0),
(118, 9, 'Magumeri', '2016-01-07 15:44:06', 1, '0000-00-00 00:00:00', 0, 1, 0),
(119, 9, 'Maiduguri', '2016-01-07 15:44:06', 1, '0000-00-00 00:00:00', 0, 1, 0),
(120, 9, 'Marte', '2016-01-07 15:44:07', 1, '0000-00-00 00:00:00', 0, 1, 0),
(121, 9, 'Masba', '2016-01-07 15:44:07', 1, '0000-00-00 00:00:00', 0, 1, 0),
(122, 9, 'Meringa', '2016-01-07 15:44:07', 1, '0000-00-00 00:00:00', 0, 1, 0),
(123, 9, 'Mongonu', '2016-01-07 15:44:07', 1, '0000-00-00 00:00:00', 0, 1, 0),
(124, 9, 'Ngala', '2016-01-07 15:44:07', 1, '0000-00-00 00:00:00', 0, 1, 0),
(125, 9, 'Shaffa', '2016-01-07 15:44:07', 1, '0000-00-00 00:00:00', 0, 1, 0),
(126, 9, 'Shani', '2016-01-07 15:44:07', 1, '0000-00-00 00:00:00', 0, 1, 0),
(127, 9, 'Tokombere', '2016-01-07 15:44:07', 1, '0000-00-00 00:00:00', 0, 1, 0),
(128, 9, 'Uba', '2016-01-07 15:44:07', 1, '0000-00-00 00:00:00', 0, 1, 0),
(129, 9, 'Wuyo', '2016-01-07 15:44:07', 1, '0000-00-00 00:00:00', 0, 1, 0),
(130, 9, 'Yajiwa', '2016-01-07 15:44:07', 1, '0000-00-00 00:00:00', 0, 1, 0),
(131, 10, 'Akankpa', '2016-01-07 15:45:51', 1, '0000-00-00 00:00:00', 0, 1, 0),
(132, 10, 'Calabar', '2016-01-07 15:45:51', 1, '0000-00-00 00:00:00', 0, 1, 0),
(133, 10, 'Ekang', '2016-01-07 15:45:51', 1, '0000-00-00 00:00:00', 0, 1, 0),
(134, 10, 'Gakem', '2016-01-07 15:45:51', 1, '0000-00-00 00:00:00', 0, 1, 0),
(135, 10, 'Ikang', '2016-01-07 15:45:51', 1, '0000-00-00 00:00:00', 0, 1, 0),
(136, 10, 'Ikom', '2016-01-07 15:45:51', 1, '0000-00-00 00:00:00', 0, 1, 0),
(137, 10, 'Mfum', '2016-01-07 15:45:51', 1, '0000-00-00 00:00:00', 0, 1, 0),
(138, 10, 'Obubra', '2016-01-07 15:45:51', 1, '0000-00-00 00:00:00', 0, 1, 0),
(139, 10, 'Obudu', '2016-01-07 15:45:51', 1, '0000-00-00 00:00:00', 0, 1, 0),
(140, 10, 'Ogoja', '2016-01-07 15:45:51', 1, '0000-00-00 00:00:00', 0, 1, 0),
(141, 10, 'Ugep', '2016-01-07 15:45:51', 1, '0000-00-00 00:00:00', 0, 1, 0),
(142, 11, 'Agbor', '2016-01-07 15:47:25', 1, '0000-00-00 00:00:00', 0, 1, 0),
(143, 11, 'Asaba', '2016-01-07 15:47:25', 1, '0000-00-00 00:00:00', 0, 1, 0),
(144, 11, 'Burutu', '2016-01-07 15:47:25', 1, '0000-00-00 00:00:00', 0, 1, 0),
(145, 11, 'Kwale', '2016-01-07 15:47:26', 1, '0000-00-00 00:00:00', 0, 1, 0),
(146, 11, 'Ogwashi Uku', '2016-01-07 15:47:26', 1, '0000-00-00 00:00:00', 0, 1, 0),
(147, 11, 'Ozoro', '2016-01-07 15:47:26', 1, '0000-00-00 00:00:00', 0, 1, 0),
(148, 11, 'Patani', '2016-01-07 15:47:26', 1, '0000-00-00 00:00:00', 0, 1, 0),
(149, 11, 'Ughelli', '2016-01-07 15:47:26', 1, '0000-00-00 00:00:00', 0, 1, 0),
(150, 12, 'Abakaliki', '2016-01-07 15:48:35', 1, '0000-00-00 00:00:00', 0, 1, 0),
(151, 12, 'Afikpo', '2016-01-07 15:48:35', 1, '0000-00-00 00:00:00', 0, 1, 0),
(152, 12, 'Effium', '2016-01-07 15:48:35', 1, '0000-00-00 00:00:00', 0, 1, 0),
(153, 12, 'Ezza', '2016-01-07 15:48:35', 1, '0000-00-00 00:00:00', 0, 1, 0),
(154, 12, 'Ezzangbo', '2016-01-07 15:48:35', 1, '0000-00-00 00:00:00', 0, 1, 0),
(155, 12, 'Ishieke', '2016-01-07 15:48:35', 1, '0000-00-00 00:00:00', 0, 1, 0),
(156, 13, 'Abraka', '2016-01-07 18:08:04', 1, '0000-00-00 00:00:00', 0, 1, 0),
(157, 13, 'Agenebode', '2016-01-07 18:08:04', 1, '0000-00-00 00:00:00', 0, 1, 0),
(158, 13, 'Auchi', '2016-01-07 18:08:04', 1, '0000-00-00 00:00:00', 0, 1, 0),
(159, 13, 'Benin', '2016-01-07 18:08:04', 1, '0000-00-00 00:00:00', 0, 1, 0),
(160, 13, 'Bomadi', '2016-01-07 18:08:05', 1, '0000-00-00 00:00:00', 0, 1, 0),
(161, 13, 'Ekpoma', '2016-01-07 18:08:05', 1, '0000-00-00 00:00:00', 0, 1, 0),
(162, 13, 'Igarra', '2016-01-07 18:08:05', 1, '0000-00-00 00:00:00', 0, 1, 0),
(163, 13, 'Ilushi', '2016-01-07 18:08:05', 1, '0000-00-00 00:00:00', 0, 1, 0),
(164, 13, 'Irrua', '2016-01-07 18:08:05', 1, '0000-00-00 00:00:00', 0, 1, 0),
(165, 13, 'Koko', '2016-01-07 18:08:05', 1, '0000-00-00 00:00:00', 0, 1, 0),
(166, 13, 'Obiaruku', '2016-01-07 18:08:05', 1, '0000-00-00 00:00:00', 0, 1, 0),
(167, 13, 'Obiaruku', '2016-01-07 18:08:05', 1, '0000-00-00 00:00:00', 0, 1, 0),
(168, 13, 'Orerokpe', '2016-01-07 18:08:05', 1, '0000-00-00 00:00:00', 0, 1, 0),
(169, 13, 'Sabongida', '2016-01-07 18:08:05', 1, '0000-00-00 00:00:00', 0, 1, 0),
(170, 13, 'Sapele', '2016-01-07 18:08:05', 1, '0000-00-00 00:00:00', 0, 1, 0),
(171, 13, 'Siluko', '2016-01-07 18:08:05', 1, '0000-00-00 00:00:00', 0, 1, 0),
(172, 13, 'Ubiaja', '2016-01-07 18:08:05', 1, '0000-00-00 00:00:00', 0, 1, 0),
(173, 13, 'Ubiaja', '2016-01-07 18:08:05', 1, '0000-00-00 00:00:00', 0, 1, 0),
(174, 13, 'Umunede', '2016-01-07 18:08:05', 1, '0000-00-00 00:00:00', 0, 1, 0),
(175, 13, 'Uromi', '2016-01-07 18:08:05', 1, '0000-00-00 00:00:00', 0, 1, 0),
(176, 13, 'Warri', '2016-01-07 18:08:05', 1, '0000-00-00 00:00:00', 0, 1, 0),
(177, 14, 'Ado', '2016-01-07 18:10:47', 1, '0000-00-00 00:00:00', 0, 1, 0),
(178, 14, 'Aramoko1', '2016-01-07 18:10:47', 1, '0000-00-00 00:00:00', 0, 1, 0),
(179, 14, 'Efon Alaye', '2016-01-07 18:10:47', 1, '0000-00-00 00:00:00', 0, 1, 0),
(180, 14, 'Emure', '2016-01-07 18:10:47', 1, '0000-00-00 00:00:00', 0, 1, 0),
(181, 14, 'Ifaki', '2016-01-07 18:10:47', 1, '0000-00-00 00:00:00', 0, 1, 0),
(182, 14, 'Igbara', '2016-01-07 18:10:47', 1, '0000-00-00 00:00:00', 0, 1, 0),
(183, 14, 'Igede', '2016-01-07 18:10:47', 1, '0000-00-00 00:00:00', 0, 1, 0),
(184, 14, 'Ijero', '2016-01-07 18:10:47', 1, '0000-00-00 00:00:00', 0, 1, 0),
(185, 14, 'Ikere', '2016-01-07 18:10:47', 1, '0000-00-00 00:00:00', 0, 1, 0),
(186, 14, 'Ikole', '2016-01-07 18:10:47', 1, '0000-00-00 00:00:00', 0, 1, 0),
(187, 14, 'Ilawe', '2016-01-07 18:10:47', 1, '0000-00-00 00:00:00', 0, 1, 0),
(188, 14, 'Ipoti', '2016-01-07 18:10:47', 1, '0000-00-00 00:00:00', 0, 1, 0),
(189, 14, 'Ise', '2016-01-07 18:10:47', 1, '0000-00-00 00:00:00', 0, 1, 0),
(190, 14, 'Ode', '2016-01-07 18:10:47', 1, '0000-00-00 00:00:00', 0, 1, 0),
(191, 14, 'Omuo', '2016-01-07 18:10:47', 1, '0000-00-00 00:00:00', 0, 1, 0),
(192, 15, 'Adani', '2016-01-07 18:12:34', 1, '0000-00-00 00:00:00', 0, 1, 0),
(193, 15, 'Aka-Eze', '2016-01-07 18:12:34', 1, '0000-00-00 00:00:00', 0, 1, 0),
(194, 15, 'Aku', '2016-01-07 18:12:34', 1, '0000-00-00 00:00:00', 0, 1, 0),
(195, 15, 'Amagunze', '2016-01-07 18:12:34', 1, '0000-00-00 00:00:00', 0, 1, 0),
(196, 15, 'Awgu', '2016-01-07 18:12:34', 1, '0000-00-00 00:00:00', 0, 1, 0),
(197, 15, 'Eha Amufu', '2016-01-07 18:12:34', 1, '0000-00-00 00:00:00', 0, 1, 0),
(198, 15, 'Enugu', '2016-01-07 18:12:34', 1, '0000-00-00 00:00:00', 0, 1, 0),
(199, 15, 'Enugu-Ezike', '2016-01-07 18:12:34', 1, '0000-00-00 00:00:00', 0, 1, 0),
(200, 15, 'Ikem', '2016-01-07 18:12:34', 1, '0000-00-00 00:00:00', 0, 1, 0),
(201, 15, 'Mberubu', '2016-01-07 18:12:35', 1, '0000-00-00 00:00:00', 0, 1, 0),
(202, 15, 'Nsukka', '2016-01-07 18:12:35', 1, '0000-00-00 00:00:00', 0, 1, 0),
(203, 15, 'Obolo', '2016-01-07 18:12:35', 1, '0000-00-00 00:00:00', 0, 1, 0),
(204, 15, 'Ogurugu', '2016-01-07 18:12:35', 1, '0000-00-00 00:00:00', 0, 1, 0),
(205, 15, 'Opi', '2016-01-07 18:12:35', 1, '0000-00-00 00:00:00', 0, 1, 0),
(206, 15, 'Udi', '2016-01-07 18:12:35', 1, '0000-00-00 00:00:00', 0, 1, 0),
(207, 16, 'Akko', '2016-01-07 18:14:09', 1, '0000-00-00 00:00:00', 0, 1, 0),
(208, 16, 'Biliri', '2016-01-07 18:14:10', 1, '0000-00-00 00:00:00', 0, 1, 0),
(209, 16, 'Debahabe', '2016-01-07 18:14:10', 1, '0000-00-00 00:00:00', 0, 1, 0),
(210, 16, 'Duku', '2016-01-07 18:14:10', 1, '0000-00-00 00:00:00', 0, 1, 0),
(211, 16, 'Gombe', '2016-01-07 18:14:10', 1, '0000-00-00 00:00:00', 0, 1, 0),
(212, 16, 'Jamari', '2016-01-07 18:14:10', 1, '0000-00-00 00:00:00', 0, 1, 0),
(213, 16, 'Kafarati', '2016-01-07 18:14:10', 1, '0000-00-00 00:00:00', 0, 1, 0),
(214, 16, 'Kaltungo', '2016-01-07 18:14:10', 1, '0000-00-00 00:00:00', 0, 1, 0),
(215, 16, 'Kumo', '2016-01-07 18:14:10', 1, '0000-00-00 00:00:00', 0, 1, 0),
(216, 16, 'Nafada', '2016-01-07 18:14:10', 1, '0000-00-00 00:00:00', 0, 1, 0),
(217, 16, 'Pindiga', '2016-01-07 18:14:10', 1, '0000-00-00 00:00:00', 0, 1, 0),
(218, 17, 'Aboh', '2016-01-07 18:15:44', 1, '0000-00-00 00:00:00', 0, 1, 0),
(219, 17, 'Etiti', '2016-01-07 18:15:44', 1, '0000-00-00 00:00:00', 0, 1, 0),
(220, 17, 'Ihuo', '2016-01-07 18:15:44', 1, '0000-00-00 00:00:00', 0, 1, 0),
(221, 17, 'Mgbidi', '2016-01-07 18:15:44', 1, '0000-00-00 00:00:00', 0, 1, 0),
(222, 17, 'Nkwerre', '2016-01-07 18:15:44', 1, '0000-00-00 00:00:00', 0, 1, 0),
(223, 17, 'Oguta', '2016-01-07 18:15:45', 1, '0000-00-00 00:00:00', 0, 1, 0),
(224, 17, 'Okigwe', '2016-01-07 18:15:45', 1, '0000-00-00 00:00:00', 0, 1, 0),
(225, 17, 'Orlu', '2016-01-07 18:15:45', 1, '0000-00-00 00:00:00', 0, 1, 0),
(226, 17, 'Orodo', '2016-01-07 18:15:45', 1, '0000-00-00 00:00:00', 0, 1, 0),
(227, 17, 'Owerri', '2016-01-07 18:15:45', 1, '0000-00-00 00:00:00', 0, 1, 0),
(228, 17, 'Umuduru', '2016-01-07 18:15:45', 1, '0000-00-00 00:00:00', 0, 1, 0),
(229, 18, 'Babura', '2016-01-07 18:17:17', 1, '0000-00-00 00:00:00', 0, 1, 0),
(230, 18, 'Birnin Kudu', '2016-01-07 18:17:17', 1, '0000-00-00 00:00:00', 0, 1, 0),
(231, 18, 'Birniwa', '2016-01-07 18:17:17', 1, '0000-00-00 00:00:00', 0, 1, 0),
(232, 18, 'Dutse', '2016-01-07 18:17:17', 1, '0000-00-00 00:00:00', 0, 1, 0),
(233, 18, 'Fagam', '2016-01-07 18:17:17', 1, '0000-00-00 00:00:00', 0, 1, 0),
(234, 18, 'Gagarawa', '2016-01-07 18:17:18', 1, '0000-00-00 00:00:00', 0, 1, 0),
(235, 18, 'Gumel', '2016-01-07 18:17:18', 1, '0000-00-00 00:00:00', 0, 1, 0),
(236, 18, 'Hadejia', '2016-01-07 18:17:18', 1, '0000-00-00 00:00:00', 0, 1, 0),
(237, 18, 'Kazaure', '2016-01-07 18:17:18', 1, '0000-00-00 00:00:00', 0, 1, 0),
(238, 18, 'Keffin Hausa', '2016-01-07 18:17:18', 1, '0000-00-00 00:00:00', 0, 1, 0),
(239, 18, 'Mallammaduri', '2016-01-07 18:17:18', 1, '0000-00-00 00:00:00', 0, 1, 0),
(240, 18, 'Ringim', '2016-01-07 18:17:18', 1, '0000-00-00 00:00:00', 0, 1, 0),
(241, 18, 'Samam', '2016-01-07 18:17:18', 1, '0000-00-00 00:00:00', 0, 1, 0),
(262, 19, 'Anchau', '2016-01-07 18:21:31', 1, '0000-00-00 00:00:00', 0, 1, 0),
(263, 19, 'Birnin Gwari', '2016-01-07 18:21:31', 1, '0000-00-00 00:00:00', 0, 1, 0),
(264, 19, 'Dutsan Wai', '2016-01-07 18:21:31', 1, '0000-00-00 00:00:00', 0, 1, 0),
(265, 19, 'Giwa', '2016-01-07 18:21:31', 1, '0000-00-00 00:00:00', 0, 1, 0),
(266, 19, 'Igabi', '2016-01-07 18:21:31', 1, '0000-00-00 00:00:00', 0, 1, 0),
(267, 19, 'Jemma', '2016-01-07 18:21:31', 1, '0000-00-00 00:00:00', 0, 1, 0),
(268, 19, 'Kachia', '2016-01-07 18:21:31', 1, '0000-00-00 00:00:00', 0, 1, 0),
(269, 19, 'Kaduna', '2016-01-07 18:21:31', 1, '0000-00-00 00:00:00', 0, 1, 0),
(270, 19, 'Kafanchan', '2016-01-07 18:21:31', 1, '0000-00-00 00:00:00', 0, 1, 0),
(271, 19, 'Kagoro', '2016-01-07 18:21:31', 1, '0000-00-00 00:00:00', 0, 1, 0),
(272, 19, 'Kajuru', '2016-01-07 18:21:31', 1, '0000-00-00 00:00:00', 0, 1, 0),
(273, 19, 'Kujama', '2016-01-07 18:21:31', 1, '0000-00-00 00:00:00', 0, 1, 0),
(274, 19, 'Lere', '2016-01-07 18:21:31', 1, '0000-00-00 00:00:00', 0, 1, 0),
(275, 19, 'Makarei', '2016-01-07 18:21:31', 1, '0000-00-00 00:00:00', 0, 1, 0),
(276, 19, 'Mando', '2016-01-07 18:21:31', 1, '0000-00-00 00:00:00', 0, 1, 0),
(277, 19, 'Paki', '2016-01-07 18:21:31', 1, '0000-00-00 00:00:00', 0, 1, 0),
(278, 19, 'Rahama', '2016-01-07 18:21:32', 1, '0000-00-00 00:00:00', 0, 1, 0),
(279, 19, 'Sabon', '2016-01-07 18:21:32', 1, '0000-00-00 00:00:00', 0, 1, 0),
(280, 19, 'Soba', '2016-01-07 18:21:32', 1, '0000-00-00 00:00:00', 0, 1, 0),
(281, 19, 'Zaria', '2016-01-07 18:21:32', 1, '0000-00-00 00:00:00', 0, 1, 0),
(282, 20, 'Bebeji', '2016-01-07 18:23:01', 1, '0000-00-00 00:00:00', 0, 1, 0),
(283, 20, 'Burumburum', '2016-01-07 18:23:01', 1, '0000-00-00 00:00:00', 0, 1, 0),
(284, 20, 'Dambarta', '2016-01-07 18:23:01', 1, '0000-00-00 00:00:00', 0, 1, 0),
(285, 20, 'Dangora', '2016-01-07 18:23:01', 1, '0000-00-00 00:00:00', 0, 1, 0),
(286, 20, 'Gaya', '2016-01-07 18:23:01', 1, '0000-00-00 00:00:00', 0, 1, 0),
(287, 20, 'Gwarzo', '2016-01-07 18:23:01', 1, '0000-00-00 00:00:00', 0, 1, 0),
(288, 20, 'Kano', '2016-01-07 18:23:01', 1, '0000-00-00 00:00:00', 0, 1, 0),
(289, 20, 'Kibiya', '2016-01-07 18:23:02', 1, '0000-00-00 00:00:00', 0, 1, 0),
(290, 20, 'Kura', '2016-01-07 18:23:02', 1, '0000-00-00 00:00:00', 0, 1, 0),
(291, 20, 'Rano', '2016-01-07 18:23:02', 1, '0000-00-00 00:00:00', 0, 1, 0),
(292, 20, 'Takai', '2016-01-07 18:23:02', 1, '0000-00-00 00:00:00', 0, 1, 0),
(293, 20, 'Tudun Wada', '2016-01-07 18:23:02', 1, '0000-00-00 00:00:00', 0, 1, 0),
(294, 20, 'Wudil', '2016-01-07 18:23:02', 1, '0000-00-00 00:00:00', 0, 1, 0),
(295, 21, 'Bakori', '2016-01-07 18:25:06', 1, '0000-00-00 00:00:00', 0, 1, 0),
(296, 21, 'Batsari', '2016-01-07 18:25:06', 1, '0000-00-00 00:00:00', 0, 1, 0),
(297, 21, 'Danja', '2016-01-07 18:25:06', 1, '0000-00-00 00:00:00', 0, 1, 0),
(298, 21, 'Dankama', '2016-01-07 18:25:06', 1, '0000-00-00 00:00:00', 0, 1, 0),
(299, 21, 'Daura', '2016-01-07 18:25:06', 1, '0000-00-00 00:00:00', 0, 1, 0),
(300, 21, 'Dutsin Ma', '2016-01-07 18:25:06', 1, '0000-00-00 00:00:00', 0, 1, 0),
(301, 21, 'Funtua', '2016-01-07 18:25:06', 1, '0000-00-00 00:00:00', 0, 1, 0),
(302, 21, 'Gora', '2016-01-07 18:25:06', 1, '0000-00-00 00:00:00', 0, 1, 0),
(303, 21, 'Hunkuyi', '2016-01-07 18:25:06', 1, '0000-00-00 00:00:00', 0, 1, 0),
(304, 21, 'Jibiya', '2016-01-07 18:25:06', 1, '0000-00-00 00:00:00', 0, 1, 0),
(305, 21, 'Jikamshi', '2016-01-07 18:25:06', 1, '0000-00-00 00:00:00', 0, 1, 0),
(306, 21, 'Kankara', '2016-01-07 18:25:06', 1, '0000-00-00 00:00:00', 0, 1, 0),
(307, 21, 'Katsina', '2016-01-07 18:25:06', 1, '0000-00-00 00:00:00', 0, 1, 0),
(308, 21, 'Malumfashi', '2016-01-07 18:25:06', 1, '0000-00-00 00:00:00', 0, 1, 0),
(309, 21, 'Mashi', '2016-01-07 18:25:06', 1, '0000-00-00 00:00:00', 0, 1, 0),
(310, 21, 'Musawa', '2016-01-07 18:25:06', 1, '0000-00-00 00:00:00', 0, 1, 0),
(311, 21, 'Ruma', '2016-01-07 18:25:06', 1, '0000-00-00 00:00:00', 0, 1, 0),
(312, 21, 'Runka', '2016-01-07 18:25:06', 1, '0000-00-00 00:00:00', 0, 1, 0),
(313, 21, 'Wagin', '2016-01-07 18:25:06', 1, '0000-00-00 00:00:00', 0, 1, 0),
(314, 21, 'Yashi', '2016-01-07 18:25:06', 1, '0000-00-00 00:00:00', 0, 1, 0),
(315, 21, 'Zango', '2016-01-07 18:25:06', 1, '0000-00-00 00:00:00', 0, 1, 0),
(316, 22, 'Argungu', '2016-01-07 18:27:49', 1, '0000-00-00 00:00:00', 0, 1, 0),
(317, 22, 'Bagudo', '2016-01-07 18:27:49', 1, '0000-00-00 00:00:00', 0, 1, 0),
(318, 22, 'Birnin Kebbi', '2016-01-07 18:27:49', 1, '0000-00-00 00:00:00', 0, 1, 0),
(319, 22, 'Birnin Yauri', '2016-01-07 18:27:49', 1, '0000-00-00 00:00:00', 0, 1, 0),
(320, 22, 'Bunza', '2016-01-07 18:27:49', 1, '0000-00-00 00:00:00', 0, 1, 0),
(321, 22, 'Dabai', '2016-01-07 18:27:50', 1, '0000-00-00 00:00:00', 0, 1, 0),
(322, 22, 'Dakingari', '2016-01-07 18:27:50', 1, '0000-00-00 00:00:00', 0, 1, 0),
(323, 22, 'Gulma', '2016-01-07 18:27:50', 1, '0000-00-00 00:00:00', 0, 1, 0),
(324, 22, 'Gwandu', '2016-01-07 18:27:50', 1, '0000-00-00 00:00:00', 0, 1, 0),
(325, 22, 'Jega', '2016-01-07 18:27:50', 1, '0000-00-00 00:00:00', 0, 1, 0),
(326, 22, 'Kamba', '2016-01-07 18:27:50', 1, '0000-00-00 00:00:00', 0, 1, 0),
(327, 22, 'Kangiwa', '2016-01-07 18:27:50', 1, '0000-00-00 00:00:00', 0, 1, 0),
(328, 22, 'Kende', '2016-01-07 18:27:50', 1, '0000-00-00 00:00:00', 0, 1, 0),
(329, 22, 'Koko', '2016-01-07 18:27:50', 1, '0000-00-00 00:00:00', 0, 1, 0),
(330, 22, 'Mahuta', '2016-01-07 18:27:50', 1, '0000-00-00 00:00:00', 0, 1, 0),
(331, 22, 'Maiyema', '2016-01-07 18:27:50', 1, '0000-00-00 00:00:00', 0, 1, 0),
(332, 22, 'Shanga', '2016-01-07 18:27:50', 1, '0000-00-00 00:00:00', 0, 1, 0),
(333, 22, 'Tambawel', '2016-01-07 18:27:50', 1, '0000-00-00 00:00:00', 0, 1, 0),
(334, 22, 'Yelwa', '2016-01-07 18:27:50', 1, '0000-00-00 00:00:00', 0, 1, 0),
(335, 22, 'Zuru', '2016-01-07 18:27:50', 1, '0000-00-00 00:00:00', 0, 1, 0),
(336, 23, 'Abocho', '2016-01-07 18:30:59', 1, '0000-00-00 00:00:00', 0, 1, 0),
(337, 23, 'Adoru', '2016-01-07 18:31:00', 1, '0000-00-00 00:00:00', 0, 1, 0),
(338, 23, 'Ajaokuta', '2016-01-07 18:31:00', 1, '0000-00-00 00:00:00', 0, 1, 0),
(339, 23, 'Ankpa', '2016-01-07 18:31:00', 1, '0000-00-00 00:00:00', 0, 1, 0),
(340, 23, 'Ayangba', '2016-01-07 18:31:00', 1, '0000-00-00 00:00:00', 0, 1, 0),
(341, 23, 'Dekina', '2016-01-07 18:31:00', 1, '0000-00-00 00:00:00', 0, 1, 0),
(342, 23, 'Egbe', '2016-01-07 18:31:00', 1, '0000-00-00 00:00:00', 0, 1, 0),
(343, 23, 'Ete', '2016-01-07 18:31:00', 1, '0000-00-00 00:00:00', 0, 1, 0),
(344, 23, 'Icheu', '2016-01-07 18:31:00', 1, '0000-00-00 00:00:00', 0, 1, 0),
(345, 23, 'Idah', '2016-01-07 18:31:00', 1, '0000-00-00 00:00:00', 0, 1, 0),
(346, 23, 'Isanlu', '2016-01-07 18:31:00', 1, '0000-00-00 00:00:00', 0, 1, 0),
(347, 23, 'Kabba', '2016-01-07 18:31:00', 1, '0000-00-00 00:00:00', 0, 1, 0),
(348, 23, 'Koton Karifi', '2016-01-07 18:31:00', 1, '0000-00-00 00:00:00', 0, 1, 0),
(349, 23, 'Kuroro', '2016-01-07 18:31:00', 1, '0000-00-00 00:00:00', 0, 1, 0),
(350, 23, 'Lokoja', '2016-01-07 18:31:00', 1, '0000-00-00 00:00:00', 0, 1, 0),
(351, 23, 'Ogaminana', '2016-01-07 18:31:00', 1, '0000-00-00 00:00:00', 0, 1, 0),
(352, 23, 'Okene', '2016-01-07 18:31:00', 1, '0000-00-00 00:00:00', 0, 1, 0),
(353, 24, 'Ajasse', '2016-01-07 18:33:59', 1, '0000-00-00 00:00:00', 0, 1, 0),
(354, 24, 'Alapa', '2016-01-07 18:33:59', 1, '0000-00-00 00:00:00', 0, 1, 0),
(355, 24, 'Bode Shadu', '2016-01-07 18:33:59', 1, '0000-00-00 00:00:00', 0, 1, 0),
(356, 24, 'Gwasero', '2016-01-07 18:33:59', 1, '0000-00-00 00:00:00', 0, 1, 0),
(357, 24, 'Ilorin', '2016-01-07 18:33:59', 1, '0000-00-00 00:00:00', 0, 1, 0),
(358, 24, 'Jebba', '2016-01-07 18:33:59', 1, '0000-00-00 00:00:00', 0, 1, 0),
(359, 24, 'Kaiama', '2016-01-07 18:33:59', 1, '0000-00-00 00:00:00', 0, 1, 0),
(360, 24, 'Lafiagi', '2016-01-07 18:33:59', 1, '0000-00-00 00:00:00', 0, 1, 0),
(361, 24, 'Offa', '2016-01-07 18:33:59', 1, '0000-00-00 00:00:00', 0, 1, 0),
(362, 24, 'Okuta', '2016-01-07 18:33:59', 1, '0000-00-00 00:00:00', 0, 1, 0),
(363, 24, 'Omu Aran', '2016-01-07 18:33:59', 1, '0000-00-00 00:00:00', 0, 1, 0),
(364, 24, 'Pategi', '2016-01-07 18:33:59', 1, '0000-00-00 00:00:00', 0, 1, 0),
(365, 24, 'Suya', '2016-01-07 18:33:59', 1, '0000-00-00 00:00:00', 0, 1, 0),
(366, 24, 'Yashikera', '2016-01-07 18:34:00', 1, '0000-00-00 00:00:00', 0, 1, 0),
(367, 25, 'Badagri', '2016-01-07 18:35:36', 1, '0000-00-00 00:00:00', 0, 1, 0),
(368, 25, 'Ejirin', '2016-01-07 18:35:36', 1, '0000-00-00 00:00:00', 0, 1, 0),
(369, 25, 'Epe', '2016-01-07 18:35:36', 1, '0000-00-00 00:00:00', 0, 1, 0),
(370, 25, 'Ikorodu', '2016-01-07 18:35:37', 1, '0000-00-00 00:00:00', 0, 1, 0),
(371, 25, 'Lagos', '2016-01-07 18:35:37', 1, '0000-00-00 00:00:00', 0, 1, 0),
(372, 26, 'Akwanga', '2016-01-07 18:36:47', 1, '0000-00-00 00:00:00', 0, 1, 0),
(373, 26, 'Buga', '2016-01-07 18:36:47', 1, '0000-00-00 00:00:00', 0, 1, 0),
(374, 26, 'Doma', '2016-01-07 18:36:47', 1, '0000-00-00 00:00:00', 0, 1, 0),
(375, 26, 'Keffi', '2016-01-07 18:36:47', 1, '0000-00-00 00:00:00', 0, 1, 0),
(376, 26, 'Lafia', '2016-01-07 18:36:47', 1, '0000-00-00 00:00:00', 0, 1, 0),
(377, 26, 'Loko', '2016-01-07 18:36:47', 1, '0000-00-00 00:00:00', 0, 1, 0),
(378, 26, 'Nassarawa', '2016-01-07 18:36:47', 1, '0000-00-00 00:00:00', 0, 1, 0),
(379, 26, 'Wamba', '2016-01-07 18:36:47', 1, '0000-00-00 00:00:00', 0, 1, 0),
(380, 27, 'Agaie', '2016-01-07 18:39:28', 1, '0000-00-00 00:00:00', 0, 1, 0),
(381, 27, 'Auna', '2016-01-07 18:39:28', 1, '0000-00-00 00:00:00', 0, 1, 0),
(382, 27, 'Babana', '2016-01-07 18:39:28', 1, '0000-00-00 00:00:00', 0, 1, 0),
(383, 27, 'Badeggi', '2016-01-07 18:39:28', 1, '0000-00-00 00:00:00', 0, 1, 0),
(384, 27, 'Baro', '2016-01-07 18:39:28', 1, '0000-00-00 00:00:00', 0, 1, 0),
(385, 27, 'Bida', '2016-01-07 18:39:28', 1, '0000-00-00 00:00:00', 0, 1, 0),
(386, 27, 'Bokani', '2016-01-07 18:39:28', 1, '0000-00-00 00:00:00', 0, 1, 0),
(387, 27, 'Bussa', '2016-01-07 18:39:28', 1, '0000-00-00 00:00:00', 0, 1, 0),
(388, 27, 'Dukku', '2016-01-07 18:39:28', 1, '0000-00-00 00:00:00', 0, 1, 0),
(389, 27, 'Ibeto', '2016-01-07 18:39:28', 1, '0000-00-00 00:00:00', 0, 1, 0),
(390, 27, 'Konkwesso', '2016-01-07 18:39:28', 1, '0000-00-00 00:00:00', 0, 1, 0),
(391, 27, 'Kontagora', '2016-01-07 18:39:28', 1, '0000-00-00 00:00:00', 0, 1, 0),
(392, 27, 'Kusheriki', '2016-01-07 18:39:28', 1, '0000-00-00 00:00:00', 0, 1, 0),
(393, 27, 'Kuta', '2016-01-07 18:39:28', 1, '0000-00-00 00:00:00', 0, 1, 0),
(394, 27, 'Lapai', '2016-01-07 18:39:28', 1, '0000-00-00 00:00:00', 0, 1, 0),
(395, 27, 'Minna', '2016-01-07 18:39:29', 1, '0000-00-00 00:00:00', 0, 1, 0),
(396, 27, 'Mokwa', '2016-01-07 18:39:29', 1, '0000-00-00 00:00:00', 0, 1, 0),
(397, 27, 'Rijau', '2016-01-07 18:39:29', 1, '0000-00-00 00:00:00', 0, 1, 0),
(398, 27, 'Shagunnu', '2016-01-07 18:39:29', 1, '0000-00-00 00:00:00', 0, 1, 0),
(399, 27, 'Suleja', '2016-01-07 18:39:29', 1, '0000-00-00 00:00:00', 0, 1, 0),
(400, 27, 'Tegina', '2016-01-07 18:39:29', 1, '0000-00-00 00:00:00', 0, 1, 0),
(401, 27, 'Ukata', '2016-01-07 18:39:29', 1, '0000-00-00 00:00:00', 0, 1, 0),
(402, 27, 'Wawa', '2016-01-07 18:39:29', 1, '0000-00-00 00:00:00', 0, 1, 0),
(403, 27, 'Zungeru', '2016-01-07 18:39:29', 1, '0000-00-00 00:00:00', 0, 1, 0),
(404, 28, 'Abeokuta', '2016-01-07 18:41:24', 1, '0000-00-00 00:00:00', 0, 1, 0),
(405, 28, 'Ado Odo', '2016-01-07 18:41:24', 1, '0000-00-00 00:00:00', 0, 1, 0),
(406, 28, 'Aiyetoro', '2016-01-07 18:41:24', 1, '0000-00-00 00:00:00', 0, 1, 0),
(407, 28, 'Idi Iroko', '2016-01-07 18:41:24', 1, '0000-00-00 00:00:00', 0, 1, 0),
(408, 28, 'Ifo', '2016-01-07 18:41:24', 1, '0000-00-00 00:00:00', 0, 1, 0),
(409, 28, 'Ijebu Ife', '2016-01-07 18:41:25', 1, '0000-00-00 00:00:00', 0, 1, 0),
(410, 28, 'Ijebu Igbo', '2016-01-07 18:41:25', 1, '0000-00-00 00:00:00', 0, 1, 0),
(411, 28, 'Ijebu Ode', '2016-01-07 18:41:25', 1, '0000-00-00 00:00:00', 0, 1, 0),
(412, 28, 'Ilaro', '2016-01-07 18:41:25', 1, '0000-00-00 00:00:00', 0, 1, 0),
(413, 28, 'Iperu', '2016-01-07 18:41:25', 1, '0000-00-00 00:00:00', 0, 1, 0),
(414, 28, 'Ishara', '2016-01-07 18:41:25', 1, '0000-00-00 00:00:00', 0, 1, 0),
(415, 28, 'Meko', '2016-01-07 18:41:25', 1, '0000-00-00 00:00:00', 0, 1, 0),
(416, 28, 'Owode', '2016-01-07 18:41:25', 1, '0000-00-00 00:00:00', 0, 1, 0),
(417, 28, 'Sango Ota', '2016-01-07 18:41:25', 1, '0000-00-00 00:00:00', 0, 1, 0),
(418, 28, 'Shagamu', '2016-01-07 18:41:25', 1, '0000-00-00 00:00:00', 0, 1, 0),
(419, 29, 'Agbabu', '2016-01-07 18:42:58', 1, '0000-00-00 00:00:00', 0, 1, 0),
(420, 29, 'Akure', '2016-01-07 18:42:58', 1, '0000-00-00 00:00:00', 0, 1, 0),
(421, 29, 'Idanre', '2016-01-07 18:42:58', 1, '0000-00-00 00:00:00', 0, 1, 0),
(422, 29, 'Ifon', '2016-01-07 18:42:58', 1, '0000-00-00 00:00:00', 0, 1, 0),
(423, 29, 'Ikare', '2016-01-07 18:42:58', 1, '0000-00-00 00:00:00', 0, 1, 0),
(424, 29, 'Ilara', '2016-01-07 18:42:58', 1, '0000-00-00 00:00:00', 0, 1, 0),
(425, 29, 'Irele', '2016-01-07 18:42:58', 1, '0000-00-00 00:00:00', 0, 1, 0),
(426, 29, 'Oka', '2016-01-07 18:42:58', 1, '0000-00-00 00:00:00', 0, 1, 0),
(427, 29, 'Okitipupa', '2016-01-07 18:42:58', 1, '0000-00-00 00:00:00', 0, 1, 0),
(428, 29, 'Ondo', '2016-01-07 18:42:58', 1, '0000-00-00 00:00:00', 0, 1, 0),
(429, 29, 'Ore', '2016-01-07 18:42:59', 1, '0000-00-00 00:00:00', 0, 1, 0),
(430, 29, 'Owo', '2016-01-07 18:42:59', 1, '0000-00-00 00:00:00', 0, 1, 0),
(431, 30, 'Apomu', '2016-01-07 18:44:56', 1, '0000-00-00 00:00:00', 0, 1, 0),
(432, 30, 'Ede', '2016-01-07 18:44:56', 1, '0000-00-00 00:00:00', 0, 1, 0),
(433, 30, 'Ejigbo', '2016-01-07 18:44:56', 1, '0000-00-00 00:00:00', 0, 1, 0),
(434, 30, 'Erin-Oshogbo', '2016-01-07 18:44:56', 1, '0000-00-00 00:00:00', 0, 1, 0),
(435, 30, 'Gbongan', '2016-01-07 18:44:56', 1, '0000-00-00 00:00:00', 0, 1, 0),
(436, 30, 'Ife', '2016-01-07 18:44:56', 1, '0000-00-00 00:00:00', 0, 1, 0),
(437, 30, 'Ifon Osun', '2016-01-07 18:44:56', 1, '0000-00-00 00:00:00', 0, 1, 0),
(438, 30, 'Ijebu Jesa', '2016-01-07 18:44:56', 1, '0000-00-00 00:00:00', 0, 1, 0),
(439, 30, 'Ikire', '2016-01-07 18:44:56', 1, '0000-00-00 00:00:00', 0, 1, 0),
(440, 30, 'Ikirun', '2016-01-07 18:44:56', 1, '0000-00-00 00:00:00', 0, 1, 0),
(441, 30, 'Ila', '2016-01-07 18:44:56', 1, '0000-00-00 00:00:00', 0, 1, 0),
(442, 30, 'Ilesha', '2016-01-07 18:44:56', 1, '0000-00-00 00:00:00', 0, 1, 0),
(443, 30, 'Ilobu', '2016-01-07 18:44:56', 1, '0000-00-00 00:00:00', 0, 1, 0),
(444, 30, 'Inisa', '2016-01-07 18:44:56', 1, '0000-00-00 00:00:00', 0, 1, 0),
(445, 30, 'Iwo', '2016-01-07 18:44:57', 1, '0000-00-00 00:00:00', 0, 1, 0),
(446, 30, 'Modakeke', '2016-01-07 18:44:57', 1, '0000-00-00 00:00:00', 0, 1, 0),
(447, 30, 'Oke-Mesi', '2016-01-07 18:44:57', 1, '0000-00-00 00:00:00', 0, 1, 0),
(448, 30, 'Olupona', '2016-01-07 18:44:57', 1, '0000-00-00 00:00:00', 0, 1, 0),
(449, 30, 'Oshogbo', '2016-01-07 18:44:57', 1, '0000-00-00 00:00:00', 0, 1, 0),
(450, 30, 'Oyan', '2016-01-07 18:44:57', 1, '0000-00-00 00:00:00', 0, 1, 0),
(451, 31, 'Ago Are', '2016-01-07 18:46:39', 1, '0000-00-00 00:00:00', 0, 1, 0),
(452, 31, 'Eruwa', '2016-01-07 18:46:39', 1, '0000-00-00 00:00:00', 0, 1, 0),
(453, 31, 'Fiditi', '2016-01-07 18:46:39', 1, '0000-00-00 00:00:00', 0, 1, 0),
(454, 31, 'Ibadan', '2016-01-07 18:46:39', 1, '0000-00-00 00:00:00', 0, 1, 0),
(455, 31, 'Igbeti', '2016-01-07 18:46:39', 1, '0000-00-00 00:00:00', 0, 1, 0),
(456, 31, 'Igbo Ora', '2016-01-07 18:46:39', 1, '0000-00-00 00:00:00', 0, 1, 0),
(457, 31, 'Igboho', '2016-01-07 18:46:39', 1, '0000-00-00 00:00:00', 0, 1, 0),
(458, 31, 'Ilero', '2016-01-07 18:46:39', 1, '0000-00-00 00:00:00', 0, 1, 0),
(459, 31, 'Iseyin', '2016-01-07 18:46:39', 1, '0000-00-00 00:00:00', 0, 1, 0),
(460, 31, 'Kishi', '2016-01-07 18:46:39', 1, '0000-00-00 00:00:00', 0, 1, 0),
(461, 31, 'Lalupon', '2016-01-07 18:46:39', 1, '0000-00-00 00:00:00', 0, 1, 0),
(462, 31, 'Ogbomosho', '2016-01-07 18:46:39', 1, '0000-00-00 00:00:00', 0, 1, 0),
(463, 31, 'Okata', '2016-01-07 18:46:39', 1, '0000-00-00 00:00:00', 0, 1, 0),
(464, 31, 'Oke Iho', '2016-01-07 18:46:39', 1, '0000-00-00 00:00:00', 0, 1, 0),
(465, 31, 'Otu', '2016-01-07 18:46:39', 1, '0000-00-00 00:00:00', 0, 1, 0),
(466, 31, 'Oyo', '2016-01-07 18:46:39', 1, '0000-00-00 00:00:00', 0, 1, 0),
(467, 31, 'Shaki', '2016-01-07 18:46:40', 1, '0000-00-00 00:00:00', 0, 1, 0),
(468, 32, 'Amper', '2016-01-07 18:47:59', 1, '0000-00-00 00:00:00', 0, 1, 0),
(469, 32, 'Bokkos', '2016-01-07 18:47:59', 1, '0000-00-00 00:00:00', 0, 1, 0),
(470, 32, 'Bukuru', '2016-01-07 18:47:59', 1, '0000-00-00 00:00:00', 0, 1, 0),
(471, 32, 'Dengi', '2016-01-07 18:47:59', 1, '0000-00-00 00:00:00', 0, 1, 0),
(472, 32, 'Jos', '2016-01-07 18:47:59', 1, '0000-00-00 00:00:00', 0, 1, 0),
(473, 32, 'Kwolla', '2016-01-07 18:47:59', 1, '0000-00-00 00:00:00', 0, 1, 0),
(474, 32, 'Langtang', '2016-01-07 18:47:59', 1, '0000-00-00 00:00:00', 0, 1, 0),
(475, 32, 'Pankshin', '2016-01-07 18:47:59', 1, '0000-00-00 00:00:00', 0, 1, 0),
(476, 32, 'Panyam', '2016-01-07 18:47:59', 1, '0000-00-00 00:00:00', 0, 1, 0),
(477, 32, 'Shendam', '2016-01-07 18:47:59', 1, '0000-00-00 00:00:00', 0, 1, 0),
(478, 32, 'Vom', '2016-01-07 18:48:00', 1, '0000-00-00 00:00:00', 0, 1, 0),
(479, 32, 'Yelwa', '2016-01-07 18:48:00', 1, '0000-00-00 00:00:00', 0, 1, 0),
(480, 33, 'Abonnemam', '2016-01-07 18:49:28', 1, '0000-00-00 00:00:00', 0, 1, 0),
(481, 33, 'Ahoada', '2016-01-07 18:49:28', 1, '0000-00-00 00:00:00', 0, 1, 0),
(482, 33, 'Bonny', '2016-01-07 18:49:28', 1, '0000-00-00 00:00:00', 0, 1, 0),
(483, 33, 'Bori', '2016-01-07 18:49:28', 1, '0000-00-00 00:00:00', 0, 1, 0),
(484, 33, 'Bugama', '2016-01-07 18:49:28', 1, '0000-00-00 00:00:00', 0, 1, 0),
(485, 33, 'Bugama', '2016-01-07 18:49:28', 1, '0000-00-00 00:00:00', 0, 1, 0),
(486, 33, 'Degema', '2016-01-07 18:49:28', 1, '0000-00-00 00:00:00', 0, 1, 0),
(487, 33, 'Elele', '2016-01-07 18:49:28', 1, '0000-00-00 00:00:00', 0, 1, 0),
(488, 33, 'Okrika', '2016-01-07 18:49:28', 1, '0000-00-00 00:00:00', 0, 1, 0),
(489, 33, 'Omoku', '2016-01-07 18:49:28', 1, '0000-00-00 00:00:00', 0, 1, 0),
(490, 33, 'Opobo', '2016-01-07 18:49:28', 1, '0000-00-00 00:00:00', 0, 1, 0),
(491, 33, 'Port Harcourt', '2016-01-07 18:49:28', 1, '0000-00-00 00:00:00', 0, 1, 0),
(492, 34, 'Binji', '2016-01-07 18:51:06', 1, '0000-00-00 00:00:00', 0, 1, 0),
(493, 34, 'Dange', '2016-01-07 18:51:06', 1, '0000-00-00 00:00:00', 0, 1, 0),
(494, 34, 'Gandi', '2016-01-07 18:51:06', 1, '0000-00-00 00:00:00', 0, 1, 0),
(495, 34, 'Goronyo', '2016-01-07 18:51:06', 1, '0000-00-00 00:00:00', 0, 1, 0),
(496, 34, 'Gwadabawa', '2016-01-07 18:51:06', 1, '0000-00-00 00:00:00', 0, 1, 0),
(497, 34, 'Illela', '2016-01-07 18:51:06', 1, '0000-00-00 00:00:00', 0, 1, 0),
(498, 34, 'Isa', '2016-01-07 18:51:06', 1, '0000-00-00 00:00:00', 0, 1, 0),
(499, 34, 'Rabah', '2016-01-07 18:51:06', 1, '0000-00-00 00:00:00', 0, 1, 0),
(500, 34, 'Raka', '2016-01-07 18:51:06', 1, '0000-00-00 00:00:00', 0, 1, 0),
(501, 34, 'Sokoto', '2016-01-07 18:51:07', 1, '0000-00-00 00:00:00', 0, 1, 0),
(502, 34, 'Wurno', '2016-01-07 18:51:07', 1, '0000-00-00 00:00:00', 0, 1, 0),
(503, 35, 'Baissa', '2016-01-07 18:52:21', 1, '0000-00-00 00:00:00', 0, 1, 0),
(504, 35, 'Beli', '2016-01-07 18:52:21', 1, '0000-00-00 00:00:00', 0, 1, 0),
(505, 35, 'Gassol', '2016-01-07 18:52:21', 1, '0000-00-00 00:00:00', 0, 1, 0),
(506, 35, 'Gembu', '2016-01-07 18:52:21', 1, '0000-00-00 00:00:00', 0, 1, 0),
(507, 35, 'Ibi', '2016-01-07 18:52:21', 1, '0000-00-00 00:00:00', 0, 1, 0),
(508, 35, 'Jalingo', '2016-01-07 18:52:21', 1, '0000-00-00 00:00:00', 0, 1, 0),
(509, 35, 'Kona', '2016-01-07 18:52:21', 1, '0000-00-00 00:00:00', 0, 1, 0),
(510, 35, 'Mutum Biyu', '2016-01-07 18:52:21', 1, '0000-00-00 00:00:00', 0, 1, 0),
(511, 35, 'Riti', '2016-01-07 18:52:21', 1, '0000-00-00 00:00:00', 0, 1, 0),
(512, 35, 'Takum', '2016-01-07 18:52:21', 1, '0000-00-00 00:00:00', 0, 1, 0),
(513, 35, 'Wukari', '2016-01-07 18:52:22', 1, '0000-00-00 00:00:00', 0, 1, 0),
(514, 36, 'Benisheikh', '2016-01-07 18:54:05', 1, '0000-00-00 00:00:00', 0, 1, 0),
(515, 36, 'Damaturu', '2016-01-07 18:54:05', 1, '0000-00-00 00:00:00', 0, 1, 0),
(516, 36, 'Dankalwa', '2016-01-07 18:54:05', 1, '0000-00-00 00:00:00', 0, 1, 0),
(517, 36, 'Dapchi', '2016-01-07 18:54:06', 1, '0000-00-00 00:00:00', 0, 1, 0),
(518, 36, 'Daura', '2016-01-07 18:54:06', 1, '0000-00-00 00:00:00', 0, 1, 0),
(519, 36, 'Gashua', '2016-01-07 18:54:06', 1, '0000-00-00 00:00:00', 0, 1, 0),
(520, 36, 'Geidam', '2016-01-07 18:54:06', 1, '0000-00-00 00:00:00', 0, 1, 0),
(521, 36, 'Geidam', '2016-01-07 18:54:06', 1, '0000-00-00 00:00:00', 0, 1, 0),
(522, 36, 'Goniri', '2016-01-07 18:54:06', 1, '0000-00-00 00:00:00', 0, 1, 0),
(523, 36, 'Gorgoram', '2016-01-07 18:54:06', 1, '0000-00-00 00:00:00', 0, 1, 0),
(524, 36, 'Gujba', '2016-01-07 18:54:06', 1, '0000-00-00 00:00:00', 0, 1, 0),
(525, 36, 'Gwio Kura', '2016-01-07 18:54:06', 1, '0000-00-00 00:00:00', 0, 1, 0),
(526, 36, 'Kumagunnam', '2016-01-07 18:54:06', 1, '0000-00-00 00:00:00', 0, 1, 0),
(527, 36, 'Lajere', '2016-01-07 18:54:06', 1, '0000-00-00 00:00:00', 0, 1, 0),
(528, 36, 'Matsena', '2016-01-07 18:54:06', 1, '0000-00-00 00:00:00', 0, 1, 0),
(529, 36, 'Nguru', '2016-01-07 18:54:06', 1, '0000-00-00 00:00:00', 0, 1, 0),
(530, 36, 'Potiskum', '2016-01-07 18:54:06', 1, '0000-00-00 00:00:00', 0, 1, 0),
(531, 37, 'Anka', '2016-01-07 18:56:45', 1, '0000-00-00 00:00:00', 0, 1, 0),
(532, 37, 'Bena', '2016-01-07 18:56:45', 1, '0000-00-00 00:00:00', 0, 1, 0),
(533, 37, 'Bodinga', '2016-01-07 18:56:45', 1, '0000-00-00 00:00:00', 0, 1, 0),
(534, 37, 'Chafe', '2016-01-07 18:56:45', 1, '0000-00-00 00:00:00', 0, 1, 0),
(535, 37, 'Dan Gulbi', '2016-01-07 18:56:45', 1, '0000-00-00 00:00:00', 0, 1, 0),
(536, 37, 'Dan Sadau', '2016-01-07 18:56:45', 1, '0000-00-00 00:00:00', 0, 1, 0),
(537, 37, 'Fura', '2016-01-07 18:56:45', 1, '0000-00-00 00:00:00', 0, 1, 0),
(538, 37, 'Gummi', '2016-01-07 18:56:45', 1, '0000-00-00 00:00:00', 0, 1, 1),
(539, 37, 'Kaura Namoda', '2016-01-07 18:56:45', 1, '0000-00-00 00:00:00', 0, 1, 0),
(540, 37, 'Kotorkoshi', '2016-01-07 18:56:45', 1, '0000-00-00 00:00:00', 0, 1, 0),
(541, 37, 'Maru', '2016-01-07 18:56:45', 1, '0000-00-00 00:00:00', 0, 1, 1),
(542, 37, 'Moriki', '2016-01-07 18:56:46', 1, '0000-00-00 00:00:00', 0, 1, 0),
(543, 37, 'Sauri', '2016-01-07 18:56:46', 1, '0000-00-00 00:00:00', 0, 1, 1),
(544, 37, 'Shinkafe', '2016-01-07 18:56:46', 1, '0000-00-00 00:00:00', 0, 1, 0),
(545, 37, 'Talata Mafara', '2016-01-07 18:56:46', 1, '0000-00-00 00:00:00', 0, 1, 0),
(546, 37, 'Wasagu', '2016-01-07 18:56:46', 1, '2016-02-12 18:43:59', 1, 0, 0),
(547, 1, 'rrrrrrrr1', '2016-02-02 14:32:38', 1, '2016-02-02 14:32:51', 1, 0, 1),
(548, 38, 'Agra', '2016-03-10 11:16:57', 1, '0000-00-00 00:00:00', 0, 1, 0);

-- --------------------------------------------------------

--
-- Table structure for table `facility_icon`
--

CREATE TABLE IF NOT EXISTS `facility_icon` (
  `id` int(100) NOT NULL AUTO_INCREMENT,
  `title` varchar(255) NOT NULL,
  `image` varchar(1000) CHARACTER SET latin1 NOT NULL,
  `created_at` datetime NOT NULL,
  `created_by` int(11) NOT NULL,
  `modified_at` datetime NOT NULL,
  `modified_by` int(11) NOT NULL,
  `is_active` tinyint(1) NOT NULL DEFAULT '1',
  `is_deleted` tinyint(1) NOT NULL,
  PRIMARY KEY (`id`)
) ENGINE=InnoDB  DEFAULT CHARSET=utf8 AUTO_INCREMENT=6 ;

--
-- Dumping data for table `facility_icon`
--

INSERT INTO `facility_icon` (`id`, `title`, `image`, `created_at`, `created_by`, `modified_at`, `modified_by`, `is_active`, `is_deleted`) VALUES
(1, 'Chair', 'chair.png', '2015-12-18 16:07:48', 1, '2016-01-12 16:34:25', 1, 1, 0),
(2, 'Security', 'secuirty.png', '2015-12-18 16:08:19', 1, '2016-01-12 16:35:23', 1, 1, 0),
(3, 'air conditionary', 'air_conditionary.png', '2015-12-18 16:08:29', 1, '2016-01-12 16:35:12', 1, 1, 0),
(4, 'Table', 'table.png', '2015-12-18 16:09:38', 1, '2016-01-12 16:34:54', 1, 1, 0),
(5, 'Changing Room', 'amen_change_2.png', '2016-01-19 15:45:40', 1, '0000-00-00 00:00:00', 0, 1, 0);

-- --------------------------------------------------------

--
-- Table structure for table `faq`
--

CREATE TABLE IF NOT EXISTS `faq` (
  `id` int(100) NOT NULL AUTO_INCREMENT,
  `msg_id` int(11) NOT NULL,
  `is_read` tinyint(1) NOT NULL,
  `title` varchar(255) NOT NULL,
  `message` text NOT NULL,
  `created_at` datetime NOT NULL,
  `created_by` int(11) NOT NULL,
  `modified_at` datetime NOT NULL,
  `modified_by` int(11) NOT NULL,
  `is_deleted` tinyint(1) NOT NULL,
  `is_deleted_by_vendor` int(11) NOT NULL,
  PRIMARY KEY (`id`)
) ENGINE=InnoDB  DEFAULT CHARSET=utf8 AUTO_INCREMENT=12 ;

--
-- Dumping data for table `faq`
--

INSERT INTO `faq` (`id`, `msg_id`, `is_read`, `title`, `message`, `created_at`, `created_by`, `modified_at`, `modified_by`, `is_deleted`, `is_deleted_by_vendor`) VALUES
(3, 2, 0, 'passages of Lorem Ipsum', '<p>There are many variations of passages of Lorem Ipsum available, but \r\nthe majority have suffered alteration in some form, by injected humour, \r\nor randomised words which don''t look even slightly believable. If you \r\nare going to use a passage of Lorem Ipsum, you need to be sure there \r\nisn''t anything embarrassing hidden in the middle of text. All the Lorem \r\nIpsum generators on the Internet tend to repeat predefined chunks as \r\nnecessary, making this the first true generator on the Internet. It uses\r\n a dictionary of over 200 Latin words, combined with a handful of model \r\nsentence structures, to generate Lorem Ipsum which looks reasonable. The\r\n generated Lorem Ipsum is therefore always free from repetition, \r\ninjected humour, or non-characteristic words etc.</p>', '2015-12-31 16:34:24', 1, '2016-01-22 20:07:28', 1, 0, 0),
(6, 2, 0, 'long established fact', '<p>It is a long established fact that a reader will be distracted by the\r\n readable content of a page when looking at its layout. The point of \r\nusing Lorem Ipsum is that it has a more-or-less normal distribution of \r\nletters, as opposed to using ''Content here, content here'', making it \r\nlook like readable English. Many desktop publishing packages and web \r\npage editors now use Lorem Ipsum as their default model text, and a \r\nsearch for ''lorem ipsum'' will uncover many web sites still in their \r\ninfancy. Various versions have evolved over the years, sometimes by \r\naccident, sometimes on purpose (injected humour and the like).</p>', '2015-12-31 17:11:00', 1, '2016-01-22 20:07:14', 1, 0, 0),
(7, 2, 0, 'xczfsdzrtfs', 'xcgtdftyry', '2015-12-31 17:29:04', 1, '0000-00-00 00:00:00', 0, 1, 0),
(9, 1, 0, 'Lorem Ipsum', '<p>There are many variations of passages of Lorem Ipsum available, but \r\nthe majority have suffered alteration in some form, by injected humour, \r\nor randomised words which don''t look even slightly believable. If you \r\nare going to use a passage of Lorem Ipsum, you need to be sure there \r\nisn''t anything embarrassing hidden in the middle of text. All the Lorem \r\nIpsum generators on the Internet tend to repeat predefined chunks as \r\nnecessary, making this the first true generator on the Internet. It uses\r\n a dictionary of over 200 Latin words, combined with a handful of model \r\nsentence structures, to generate Lorem Ipsum which looks reasonable. The\r\n generated Lorem Ipsum is therefore always free from repetition, \r\ninjected humour, or non-characteristic words etc.</p>', '2016-01-20 15:46:50', 1, '2016-01-22 20:07:00', 1, 0, 0),
(10, 1, 0, 'Contrary to popular belief, Lorem Ipsum', '<p>Contrary to popular belief, Lorem Ipsum is not simply random text. It\r\n has roots in a piece of classical Latin literature from 45 BC, making \r\nit over 2000 years old. Richard McClintock, a Latin professor at \r\nHampden-Sydney College in Virginia, looked up one of the more obscure \r\nLatin words, consectetur, from a Lorem Ipsum passage, and going through \r\nthe cites of the word in classical liter</p><p><br></p><p>It is a long established fact that a reader will be distracted by the\r\n readable content of a page when looking at its layout. The point of \r\nusing Lorem Ipsum is that it has a more-or-less normal distribution of \r\nletters, as opposed to using ''Content here, content here'', making it \r\nlook like readable English. Many desktop publishing packages and web \r\npage editors now use Lorem Ipsum as their default model text, and a \r\nsearch for ''lorem ipsum'' will uncover many web sites still in their \r\ninfancy. Various versions have evolved over the years, sometimes by \r\naccident, sometimes on purpose (injected humour and the like).</p>', '2016-01-20 15:47:09', 1, '2016-01-22 20:06:45', 1, 0, 0),
(11, 1, 0, 'Terms and Conditions', '<p>There are many variations of passages of Lorem Ipsum available, but \r\nthe majority have suffered alteration in some form, by injected humour, \r\nor randomised words which don''t look even slightly believable. If you \r\nare going to use a passage of Lorem Ipsum, you need to be sure there \r\nisn''t anything embarrassing hidden in the middle of text. All the Lorem \r\nIpsum generators on the Internet tend to repeat predefined chunks as \r\nnecessary, making this the first true generator on the Internet. It uses\r\n a dictionary of over 200 Latin words, combined with a handful of model \r\nsentence structures, to generate Lorem Ipsum which looks reasonable. The\r\n generated Lorem Ipsum is therefore always free from repetition, \r\ninjected humour, or non-characteristic words etc.</p>', '2016-01-20 19:54:48', 1, '2016-02-02 17:13:37', 1, 0, 0);

-- --------------------------------------------------------

--
-- Table structure for table `hall`
--

CREATE TABLE IF NOT EXISTS `hall` (
  `id` int(100) NOT NULL AUTO_INCREMENT,
  `crowed_hall` tinyint(1) NOT NULL,
  `plan_id` int(11) DEFAULT '1',
  `plan_start_date` date NOT NULL,
  `plan_end_date` date NOT NULL,
  `plan_expired` tinyint(1) NOT NULL,
  `is_popular_location` tinyint(1) NOT NULL,
  `max_number_of_booking` tinyint(4) DEFAULT '1',
  `vendor_id` int(11) NOT NULL,
  `hall_name` varchar(255) NOT NULL,
  `hall_description` longtext NOT NULL,
  `venue_policies` longtext NOT NULL,
  `location` varchar(255) NOT NULL,
  `state_id` int(11) NOT NULL,
  `city_id` int(11) NOT NULL,
  `hall_category_id` int(11) NOT NULL,
  `venue_id` int(11) NOT NULL,
  `estimated_price` double(17,2) NOT NULL,
  `same_price_in_all_day` tinyint(1) NOT NULL,
  `local_area` varchar(255) NOT NULL,
  `capacity` int(11) NOT NULL,
  `discount_start_date` varchar(255) NOT NULL,
  `discount_end_date` varchar(255) NOT NULL,
  `discount` int(11) NOT NULL,
  `ip_address` varchar(50) NOT NULL,
  `created_at` datetime NOT NULL,
  `created_by` int(11) NOT NULL,
  `modified_at` int(11) NOT NULL,
  `modified_by` datetime NOT NULL,
  `is_active` tinyint(3) unsigned NOT NULL DEFAULT '1',
  `is_deleted` tinyint(1) NOT NULL,
  PRIMARY KEY (`id`)
) ENGINE=InnoDB  DEFAULT CHARSET=utf8 AUTO_INCREMENT=56 ;

--
-- Dumping data for table `hall`
--

INSERT INTO `hall` (`id`, `crowed_hall`, `plan_id`, `plan_start_date`, `plan_end_date`, `plan_expired`, `is_popular_location`, `max_number_of_booking`, `vendor_id`, `hall_name`, `hall_description`, `venue_policies`, `location`, `state_id`, `city_id`, `hall_category_id`, `venue_id`, `estimated_price`, `same_price_in_all_day`, `local_area`, `capacity`, `discount_start_date`, `discount_end_date`, `discount`, `ip_address`, `created_at`, `created_by`, `modified_at`, `modified_by`, `is_active`, `is_deleted`) VALUES
(1, 0, 3, '2015-02-05', '2016-02-20', 1, 1, 0, 1, 'Delhi Event Center', 'Lorem Ipsum is simply dummy text of the printing and typesetting industry. Lorem Ipsum has been the industry''s standard dummy text ever since the 1500s, when an unknown printer took a galley of type and scrambled it to make a type specimen book. It has survived not only five centuries, but also the leap into electronic typesetting, remaining essentially unchanged. It was popularised in the 1960s with the release', 'Lorem Ipsum is simply dummy text of the printing and typesetting industry. Lorem Ipsum has been the industry''s standard dummy text ever since the 1500s, when an unknown printer took a galley of type and scrambled it to make a type specimen book. It has survived not only five centuries, but also the leap into electronic typesetting, remaining essentially unchanged. It was popularised in the 1960s with the release', 'consectetur adipiscing elit', 3, 25, 1, 1, 232.00, 0, '222', 192168, '', '', 0, '192.168.1.114', '0000-00-00 00:00:00', 0, 2016, '0000-00-00 00:00:00', 1, 0),
(2, 0, 2, '2016-02-24', '2017-02-24', 0, 1, 0, 2, 'Event Center', '<br>', '<br>', 'consectetur adipiscing elit', 1, 1, 3, 2, 2500.00, 0, '2145454', 215, '', '', 0, '192.168.1.191', '2015-12-14 16:50:42', 1, 2016, '0000-00-00 00:00:00', 1, 0),
(5, 0, 1, '2016-02-05', '2016-08-03', 0, 1, 0, 1, 'Royal Event', '<br>', '<br>', 'consectetur adipiscing elit', 1, 1, 3, 2, 22000.00, 0, '2124545', 34121, '', '', 0, '192.168.1.161', '2015-12-23 18:32:10', 1, 2016, '0000-00-00 00:00:00', 1, 0),
(7, 0, 1, '2016-02-05', '2016-08-03', 0, 1, 0, 1, 'Royal  Center', '', '', 'consectetur adipiscing elit', 1, 1, 1, 3, 2500.00, 0, '2222222', 192168, '', '', 0, '192.168.1.161', '2015-12-23 18:49:49', 1, 2016, '0000-00-00 00:00:00', 1, 0),
(8, 0, 1, '2016-02-05', '2016-08-03', 0, 1, 0, 1, 'Royal', '', '', 'consectetur adipiscing elit', 1, 1, 1, 1, 22000.00, 0, '56478', 192168, '', '', 0, '192.168.1.161', '2015-12-24 09:41:44', 1, 2016, '0000-00-00 00:00:00', 1, 1),
(9, 0, 1, '2015-09-15', '2016-03-15', 1, 1, 0, 1, 'Royal Event Center', 'srdaraqr', 'zsrar', 'consectetur adipiscing elit', 1, 1, 3, 1, 232.00, 0, '343434', 15, '', '', 0, '127.0.0.1', '2016-01-07 19:27:29', 1, 2016, '0000-00-00 00:00:00', 1, 0),
(10, 0, 1, '2015-09-15', '2016-03-15', 1, 1, 0, 1, 'Gonda Event Center', '<br>', '<br>', 'Aconsectetur adipiscing elit', 1, 1, 3, 3, 232.00, 0, 'A', 192168, '', '', 0, '192.168.1.191', '2016-01-07 20:25:20', 1, 2016, '0000-00-00 00:00:00', 0, 0),
(11, 0, 2, '2016-02-12', '2017-02-12', 0, 1, 2, 1, 'A Event Center', 'ZDD', 'zxfdg', 'consectetur adipiscing elit', 4, 27, 3, 2, 232.00, 0, '343434', 232, '', '', 0, '192.168.1.191', '2016-01-07 20:26:41', 1, 2016, '0000-00-00 00:00:00', 1, 0),
(12, 0, 1, '2016-02-05', '2016-08-03', 0, 1, 0, 1, 'Noida Event Center', '<br>', '<br>', 'consectetur adipiscing elit', 16, 215, 3, 2, 232.00, 0, '4544545', 23232, '', '', 0, '192.168.1.191', '2016-01-08 14:25:09', 1, 2016, '0000-00-00 00:00:00', 0, 0),
(13, 0, 1, '2016-02-05', '2016-08-03', 0, 0, 0, 2, 'Varanasi Hotel', '<br>', '<br>', 'Varanasi', 15, 202, 2, 1, 2322.00, 0, '2323', 23, '', '', 0, '192.168.1.161', '2016-01-15 11:01:43', 12, 2016, '0000-00-00 00:00:00', 1, 0),
(14, 0, 1, '2016-02-05', '2016-08-03', 0, 0, 2, 2, 'Engineer Choise', '<br>', '<br>', 'Ghaziabad', 14, 188, 1, 1, 34434.00, 0, '9995558343', 34, '', '', 0, '192.168.1.191', '2016-01-15 11:04:05', 13, 2016, '0000-00-00 00:00:00', 1, 0),
(15, 0, 1, '2016-02-05', '2016-08-03', 0, 0, 0, 3, 'Gilden Mela', '<br>', '<br>', 'Gonda', 1, 1, 2, 2, 121.00, 0, '99955588', 212, '', '', 0, '192.168.1.161', '2016-01-15 11:05:32', 14, 2016, '0000-00-00 00:00:00', 1, 0),
(18, 0, 3, '2016-02-12', '2018-02-12', 0, 1, 0, 3, 'Moika Guest Houes', 'zxfcdsf', 'gdfghdfh', 'Gurgaon', 5, 34, 3, 2, 500.00, 0, '66955811', 50, '', '', 0, '192.168.1.114', '2016-01-15 11:10:50', 17, 2016, '0000-00-00 00:00:00', 1, 0),
(27, 1, 1, '2016-02-10', '2016-03-11', 0, 0, 0, 5, 'AAAA', '', '', '', 0, 0, 0, 0, 232.00, 0, '', 23, '', '', 0, '192.168.1.161', '2016-02-10 15:40:12', 0, 0, '0000-00-00 00:00:00', 0, 0),
(28, 0, 2, '2016-02-12', '2017-02-12', 0, 0, NULL, 6, 'zxcvbnm', '', '', '', 0, 0, 0, 0, 0.00, 0, '', 0, '', '', 0, '192.168.1.114', '2016-02-12 15:22:03', 0, 0, '0000-00-00 00:00:00', 0, 0),
(29, 0, 1, '0000-00-00', '0000-00-00', 1, 0, NULL, 7, 'poiuytrewq', '', '', '', 0, 0, 0, 0, 0.00, 0, '', 0, '', '', 0, '192.168.1.114', '2016-02-12 15:42:16', 0, 0, '0000-00-00 00:00:00', 0, 1),
(42, 0, 1, '0000-00-00', '0000-00-00', 1, 0, NULL, 8, 'plkoijg', '', '', '', 0, 0, 0, 0, 0.00, 0, '', 0, '', '', 0, '192.168.1.114', '2016-02-12 17:37:49', 0, 0, '0000-00-00 00:00:00', 0, 1),
(43, 0, 2, '2016-02-12', '2017-02-12', 0, 0, 0, 8, 'fljiof;jdksl', 'p;uifjoigpo', 'jokgrp', 'mvods''kvl;', 5, 35, 2, 1, 123456789.00, 0, '09911586774', 0, '', '', 0, '192.168.1.114', '2016-02-12 17:44:47', 8, 2016, '0000-00-00 00:00:00', 1, 1),
(44, 0, 1, '2016-02-12', '2016-08-10', 0, 0, 0, 8, 'girl', 'lmdnligj', '&nbsp;jbffbisdf', 'dfbkpdsbvkjc', 16, 209, 2, 3, 123456789.00, 0, '09911586774', 96, '', '', 0, '192.168.1.114', '2016-02-12 17:57:23', 8, 2016, '0000-00-00 00:00:00', 1, 1),
(45, 0, 1, '2016-02-12', '2016-08-10', 0, 0, 5, 1, 'kpojpihvouog;il', 'liugg7iv7ifui', ';,;oiuohbpiiigho', 'moivohugiyy8u9boi', 37, 546, 2, 2, 5555555555555.00, 0, '09911586774', 0, '', '', 0, '127.0.0.1', '2016-02-12 18:45:45', 1, 2016, '0000-00-00 00:00:00', 0, 1),
(46, 0, 1, '2016-02-22', '2016-08-20', 0, 0, NULL, 1, 'zdfds', 'xcgdry', 'xcgdty', 'sssstrdst', 2, 8, 1, 1, 121.00, 0, '1245475', 20, '', '', 0, '127.0.0.1', '2016-02-22 12:10:14', 1, 0, '0000-00-00 00:00:00', 0, 1),
(47, 0, 1, '2016-02-22', '2016-08-20', 0, 0, 1, 1, 'xcgfdfsg', 'zxfdsaf', 'sdrfsdt', 'dgdst', 7, 84, 2, 3, 1212.00, 0, '12458787', 545, '', '', 0, '127.0.0.1', '2016-02-22 12:18:28', 1, 0, '0000-00-00 00:00:00', 0, 1),
(54, 0, 1, '2016-03-01', '2016-08-28', 0, 0, 1, 1, 'xcfsdgf', 'zxfds', 'dfsdrf', 'xsdgdfsg', 4, 29, 2, 2, 50.00, 0, 'sdgsg', 11, '2016-03-04', '2016-03-08', 7, '192.168.1.191', '2016-03-01 13:11:20', 1, 2016, '0000-00-00 00:00:00', 1, 0),
(55, 0, 1, '2016-03-01', '2016-08-28', 0, 0, 1, 1, 'Amiga Hall', 'xcfg', 'gffdg', 'noida', 14, 182, 3, 2, 100.00, 0, 'rrrr', 50, '2016-03-05', '2016-03-08', 5, '192.168.1.191', '2016-03-01 13:13:10', 1, 0, '0000-00-00 00:00:00', 1, 1);

-- --------------------------------------------------------

--
-- Table structure for table `hall_category`
--

CREATE TABLE IF NOT EXISTS `hall_category` (
  `id` int(100) NOT NULL AUTO_INCREMENT,
  `title` varchar(255) NOT NULL,
  `created_at` datetime NOT NULL,
  `created_by` int(11) NOT NULL,
  `modified_at` datetime NOT NULL,
  `modified_by` int(11) NOT NULL,
  `is_active` tinyint(1) NOT NULL DEFAULT '1',
  `is_deleted` tinyint(1) NOT NULL,
  PRIMARY KEY (`id`)
) ENGINE=InnoDB  DEFAULT CHARSET=utf8 AUTO_INCREMENT=4 ;

--
-- Dumping data for table `hall_category`
--

INSERT INTO `hall_category` (`id`, `title`, `created_at`, `created_by`, `modified_at`, `modified_by`, `is_active`, `is_deleted`) VALUES
(1, 'State', '2015-11-30 13:08:01', 1, '2015-12-11 15:33:07', 1, 1, 0),
(2, 'LGA', '2015-12-11 12:54:38', 1, '2016-01-19 15:34:12', 1, 1, 0),
(3, 'Town', '0000-00-00 00:00:00', 0, '2015-12-14 16:34:52', 1, 1, 0);

-- --------------------------------------------------------

--
-- Table structure for table `hall_facility_icon_id`
--

CREATE TABLE IF NOT EXISTS `hall_facility_icon_id` (
  `id` bigint(20) NOT NULL AUTO_INCREMENT,
  `hall_id` int(11) NOT NULL,
  `facility_icon_id` int(11) NOT NULL,
  PRIMARY KEY (`id`)
) ENGINE=InnoDB  DEFAULT CHARSET=utf8 AUTO_INCREMENT=307 ;

--
-- Dumping data for table `hall_facility_icon_id`
--

INSERT INTO `hall_facility_icon_id` (`id`, `hall_id`, `facility_icon_id`) VALUES
(218, 2, 1),
(219, 2, 2),
(220, 2, 3),
(221, 2, 4),
(237, 19, 3),
(238, 19, 4),
(265, 5, 1),
(266, 5, 2),
(267, 5, 3),
(279, 25, 1),
(280, 25, 2),
(281, 25, 3),
(286, 24, 1),
(287, 24, 2),
(288, 24, 3),
(289, 24, 4),
(293, 18, 1),
(294, 18, 2),
(295, 18, 3),
(296, 1, 1),
(297, 1, 2),
(298, 1, 3),
(299, 1, 4),
(300, 1, 5),
(302, 9, 3),
(306, 11, 1);

-- --------------------------------------------------------

--
-- Table structure for table `hall_picture`
--

CREATE TABLE IF NOT EXISTS `hall_picture` (
  `id` int(100) NOT NULL AUTO_INCREMENT,
  `hall_id` int(11) NOT NULL,
  `title` varchar(255) NOT NULL,
  `image` varchar(255) NOT NULL,
  PRIMARY KEY (`id`)
) ENGINE=InnoDB  DEFAULT CHARSET=utf8 AUTO_INCREMENT=101 ;

--
-- Dumping data for table `hall_picture`
--

INSERT INTO `hall_picture` (`id`, `hall_id`, `title`, `image`) VALUES
(28, 3, '', 'Ladakh.jpg'),
(29, 1, '', 'room-1.jpg'),
(45, 11, '', 'gallery-31.jpg'),
(47, 9, '', 'box-innnerimage3.jpg'),
(48, 8, '', 'box-innnerimage4.jpg'),
(50, 2, '', 'box-innnerimage6.jpg'),
(51, 5, '', 'box-innnerimage7.jpg'),
(52, 7, '', 'box-innnerimage8.jpg'),
(53, 1, '', 'room-2.jpg'),
(54, 12, '', 'Ladakh1.jpg'),
(55, 12, '', 'portfolio4.jpg'),
(56, 12, '', 'portfolio2.jpg'),
(57, 12, '', 'portfolio11.jpg'),
(58, 12, '', 'contact-us.jpg'),
(60, 12, '', 'post-img11.jpg'),
(61, 1, '', 'room-21.jpg'),
(62, 1, '', 'box-innnerimage.jpg'),
(63, 1, '', 'BoscastleHarbour.jpg'),
(64, 1, '', 'BingWallpaper-2015-11-18.jpg'),
(65, 19, '', 'room-22.jpg'),
(68, 18, '', 'room-23.jpg'),
(69, 18, '', 'room-12.jpg'),
(70, 18, '', 'Ladakh3.jpg'),
(72, 14, '', 'Ladakh4.jpg'),
(73, 14, '', 'image-61.jpg'),
(77, 19, '', 'post-img12.jpg'),
(78, 19, '', 'portfolio31.jpg'),
(79, 18, '', 'post-img2.jpg'),
(80, 18, '', 'post-img13.jpg'),
(82, 19, '', 'post-img14.jpg'),
(83, 19, '', 'portfolio43.jpg'),
(84, 24, '', 'image-6.jpg'),
(85, 25, '', 'image-62.jpg'),
(86, 25, '', 'bg_baner.jpg'),
(87, 25, '', 'business-image2.jpg'),
(88, 50, '', 'bg_baner1.jpg'),
(89, 50, '', 'business-image21.jpg'),
(90, 50, '', 'portfolio12.jpg'),
(91, 50, '', 'portfolio21.jpg'),
(92, 50, '', 'portfolio42.jpg'),
(93, 50, '', 'bg_baner2.jpg'),
(94, 50, '', 'business-image22.jpg'),
(95, 50, '', 'contact-us1.jpg'),
(96, 50, '', 'portfolio13.jpg'),
(97, 54, '', 'bg_baner3.jpg'),
(98, 54, '', 'business-image23.jpg'),
(99, 54, '', 'contact-us2.jpg'),
(100, 54, '', 'portfolio14.jpg');

-- --------------------------------------------------------

--
-- Table structure for table `hall_price`
--

CREATE TABLE IF NOT EXISTS `hall_price` (
  `id` bigint(100) NOT NULL AUTO_INCREMENT,
  `hall_id` int(11) NOT NULL,
  `day` varchar(255) NOT NULL COMMENT '1=Mon 2 Tue ... 7 Sunday',
  `min_price` double(10,2) NOT NULL,
  `max_price` double(10,2) NOT NULL,
  `is_available` tinyint(1) NOT NULL,
  PRIMARY KEY (`id`)
) ENGINE=InnoDB  DEFAULT CHARSET=utf8 AUTO_INCREMENT=1513 ;

--
-- Dumping data for table `hall_price`
--

INSERT INTO `hall_price` (`id`, `hall_id`, `day`, `min_price`, `max_price`, `is_available`) VALUES
(372, 3, '1', 0.00, 0.00, 0),
(373, 3, '2', 0.00, 0.00, 0),
(374, 3, '3', 0.00, 0.00, 0),
(375, 3, '4', 0.00, 0.00, 0),
(376, 3, '5', 0.00, 0.00, 0),
(377, 3, '6', 0.00, 0.00, 0),
(378, 3, '7', 0.00, 0.00, 0),
(757, 8, '1', 0.00, 0.00, 0),
(758, 8, '2', 0.00, 0.00, 0),
(759, 8, '3', 0.00, 0.00, 0),
(760, 8, '4', 0.00, 0.00, 0),
(761, 8, '5', 0.00, 0.00, 0),
(762, 8, '6', 0.00, 0.00, 0),
(763, 8, '7', 0.00, 0.00, 0),
(764, 7, '1', 0.00, 0.00, 0),
(765, 7, '2', 0.00, 0.00, 0),
(766, 7, '3', 0.00, 0.00, 0),
(767, 7, '4', 0.00, 0.00, 0),
(768, 7, '5', 0.00, 0.00, 0),
(769, 7, '6', 0.00, 0.00, 0),
(770, 7, '7', 0.00, 0.00, 0),
(925, 15, '1', 0.00, 0.00, 0),
(926, 15, '2', 0.00, 0.00, 0),
(927, 15, '3', 0.00, 0.00, 0),
(928, 15, '4', 0.00, 0.00, 0),
(929, 15, '5', 0.00, 0.00, 0),
(930, 15, '6', 0.00, 0.00, 0),
(931, 15, '7', 0.00, 0.00, 0),
(946, 13, '1', 0.00, 0.00, 0),
(947, 13, '2', 0.00, 0.00, 0),
(948, 13, '3', 0.00, 0.00, 0),
(949, 13, '4', 0.00, 0.00, 0),
(950, 13, '5', 0.00, 0.00, 0),
(951, 13, '6', 0.00, 0.00, 0),
(952, 13, '7', 0.00, 0.00, 0),
(995, 2, '1', 0.00, 0.00, 0),
(996, 2, '2', 0.00, 0.00, 0),
(997, 2, '3', 0.00, 0.00, 0),
(998, 2, '4', 0.00, 0.00, 0),
(999, 2, '5', 0.00, 0.00, 0),
(1000, 2, '6', 0.00, 0.00, 0),
(1001, 2, '7', 0.00, 0.00, 0),
(1002, 12, '1', 0.00, 0.00, 0),
(1003, 12, '2', 0.00, 0.00, 0),
(1004, 12, '3', 0.00, 0.00, 0),
(1005, 12, '4', 0.00, 0.00, 0),
(1006, 12, '5', 0.00, 0.00, 0),
(1007, 12, '6', 0.00, 0.00, 0),
(1008, 12, '7', 0.00, 0.00, 0),
(1009, 10, '1', 0.00, 0.00, 0),
(1010, 10, '2', 0.00, 0.00, 0),
(1011, 10, '3', 0.00, 0.00, 0),
(1012, 10, '4', 0.00, 0.00, 0),
(1013, 10, '5', 0.00, 0.00, 0),
(1014, 10, '6', 0.00, 0.00, 0),
(1015, 10, '7', 0.00, 0.00, 0),
(1093, 19, '1', 10.00, 20.00, 1),
(1094, 19, '2', 20.00, 30.00, 1),
(1095, 19, '3', 30.00, 40.00, 0),
(1096, 19, '4', 40.00, 50.00, 0),
(1097, 19, '5', 50.00, 60.00, 0),
(1098, 19, '6', 60.00, 70.00, 0),
(1099, 19, '7', 70.00, 80.00, 0),
(1107, 20, '1', 0.00, 0.00, 0),
(1108, 20, '2', 0.00, 0.00, 0),
(1109, 20, '3', 0.00, 0.00, 0),
(1110, 20, '4', 0.00, 0.00, 0),
(1111, 20, '5', 0.00, 0.00, 0),
(1112, 20, '6', 0.00, 0.00, 0),
(1113, 20, '7', 0.00, 0.00, 0),
(1121, 21, '1', 0.00, 0.00, 0),
(1122, 21, '2', 0.00, 0.00, 0),
(1123, 21, '3', 0.00, 0.00, 0),
(1124, 21, '4', 0.00, 0.00, 0),
(1125, 21, '5', 0.00, 0.00, 0),
(1126, 21, '6', 0.00, 0.00, 0),
(1127, 21, '7', 0.00, 0.00, 0),
(1128, 22, '1', 0.00, 0.00, 0),
(1129, 22, '2', 0.00, 0.00, 0),
(1130, 22, '3', 0.00, 0.00, 0),
(1131, 22, '4', 0.00, 0.00, 0),
(1132, 22, '5', 0.00, 0.00, 0),
(1133, 22, '6', 0.00, 0.00, 0),
(1134, 22, '7', 0.00, 0.00, 0),
(1191, 5, '1', 23.00, 334.00, 1),
(1192, 5, '2', 23.00, 334.00, 1),
(1193, 5, '3', 23.00, 334.00, 1),
(1194, 5, '4', 23.00, 334.00, 1),
(1195, 5, '5', 23.00, 334.00, 1),
(1196, 5, '6', 23.00, 334.00, 1),
(1197, 5, '7', 23.00, 334.00, 0),
(1233, 23, '1', 2440.00, 6507.00, 1),
(1234, 23, '2', 0.00, 0.00, 0),
(1235, 23, '3', 0.00, 0.00, 0),
(1236, 23, '4', 2440.00, 6507.00, 0),
(1237, 23, '5', 0.00, 0.00, 0),
(1238, 23, '6', 2440.00, 6507.00, 1),
(1239, 23, '7', 2440.00, 6507.00, 1),
(1282, 25, '1', 100.00, 458511.00, 1),
(1283, 25, '2', 100.00, 458512.00, 1),
(1284, 25, '3', 100.00, 45853.00, 1),
(1285, 25, '4', 100.00, 45854.00, 1),
(1286, 25, '5', 100.00, 45855.00, 1),
(1287, 25, '6', 100.00, 45856.00, 0),
(1288, 25, '7', 100.00, 45857.00, 0),
(1317, 34, '1', 0.00, 0.00, 0),
(1318, 34, '2', 0.00, 0.00, 0),
(1319, 34, '3', 0.00, 0.00, 0),
(1320, 34, '4', 0.00, 0.00, 0),
(1321, 34, '5', 0.00, 0.00, 0),
(1322, 34, '6', 0.00, 0.00, 0),
(1323, 34, '7', 0.00, 0.00, 0),
(1324, 24, '1', 627.00, 2188.00, 1),
(1325, 24, '2', 627.00, 2188.00, 1),
(1326, 24, '3', 627.00, 2188.00, 1),
(1327, 24, '4', 627.00, 2188.00, 1),
(1328, 24, '5', 627.00, 2188.00, 1),
(1329, 24, '6', 627.00, 2188.00, 1),
(1330, 24, '7', 627.00, 2188.00, 1),
(1331, 32, '1', 0.00, 0.00, 0),
(1332, 32, '2', 0.00, 0.00, 0),
(1333, 32, '3', 0.00, 0.00, 0),
(1334, 32, '4', 0.00, 0.00, 0),
(1335, 32, '5', 0.00, 0.00, 0),
(1336, 32, '6', 0.00, 0.00, 0),
(1337, 32, '7', 0.00, 0.00, 0),
(1338, 41, '1', 0.00, 0.00, 0),
(1339, 41, '2', 0.00, 0.00, 0),
(1340, 41, '3', 0.00, 0.00, 0),
(1341, 41, '4', 0.00, 0.00, 0),
(1342, 41, '5', 0.00, 0.00, 0),
(1343, 41, '6', 0.00, 0.00, 0),
(1344, 41, '7', 0.00, 0.00, 0),
(1345, 40, '1', 0.00, 0.00, 0),
(1346, 40, '2', 0.00, 0.00, 0),
(1347, 40, '3', 0.00, 0.00, 0),
(1348, 40, '4', 0.00, 0.00, 0),
(1349, 40, '5', 0.00, 0.00, 0),
(1350, 40, '6', 0.00, 0.00, 0),
(1351, 40, '7', 0.00, 0.00, 0),
(1359, 18, '1', 50.00, 20.00, 0),
(1360, 18, '2', 40.00, 30.00, 0),
(1361, 18, '3', 20.00, 10.00, 0),
(1362, 18, '4', 30.00, 40.00, 0),
(1363, 18, '5', 50.00, 60.00, 0),
(1364, 18, '6', 60.00, 70.00, 0),
(1365, 18, '7', 70.00, 80.00, 0),
(1366, 43, '1', 0.00, 0.00, 0),
(1367, 43, '2', 0.00, 0.00, 0),
(1368, 43, '3', 0.00, 0.00, 0),
(1369, 43, '4', 0.00, 0.00, 0),
(1370, 43, '5', 0.00, 0.00, 0),
(1371, 43, '6', 0.00, 0.00, 0),
(1372, 43, '7', 0.00, 0.00, 0),
(1380, 44, '1', 0.00, 0.00, 0),
(1381, 44, '2', 0.00, 0.00, 0),
(1382, 44, '3', 0.00, 0.00, 0),
(1383, 44, '4', 0.00, 0.00, 0),
(1384, 44, '5', 0.00, 0.00, 0),
(1385, 44, '6', 0.00, 0.00, 0),
(1386, 44, '7', 0.00, 0.00, 0),
(1387, 1, '1', 33.00, 4.00, 1),
(1388, 1, '2', 32.00, 444.00, 1),
(1389, 1, '3', 0.00, 0.00, 0),
(1390, 1, '4', 0.00, 0.00, 0),
(1391, 1, '5', 0.00, 0.00, 0),
(1392, 1, '6', 0.00, 0.00, 0),
(1393, 1, '7', 0.00, 0.00, 0),
(1394, 45, '1', 0.00, 0.00, 0),
(1395, 45, '2', 0.00, 0.00, 0),
(1396, 45, '3', 0.00, 0.00, 0),
(1397, 45, '4', 0.00, 0.00, 0),
(1398, 45, '5', 0.00, 0.00, 0),
(1399, 45, '6', 0.00, 0.00, 0),
(1400, 45, '7', 0.00, 0.00, 0),
(1408, 9, '1', 0.00, 0.00, 0),
(1409, 9, '2', 0.00, 0.00, 0),
(1410, 9, '3', 0.00, 0.00, 0),
(1411, 9, '4', 0.00, 0.00, 0),
(1412, 9, '5', 0.00, 0.00, 0),
(1413, 9, '6', 0.00, 0.00, 0),
(1414, 9, '7', 0.00, 0.00, 0),
(1443, 14, '1', 0.00, 0.00, 0),
(1444, 14, '2', 0.00, 0.00, 0),
(1445, 14, '3', 0.00, 0.00, 0),
(1446, 14, '4', 0.00, 0.00, 0),
(1447, 14, '5', 0.00, 0.00, 0),
(1448, 14, '6', 0.00, 0.00, 0),
(1449, 14, '7', 0.00, 0.00, 0),
(1450, 11, '1', 33.00, 34.00, 1),
(1451, 11, '2', 0.00, 0.00, 0),
(1452, 11, '3', 0.00, 0.00, 0),
(1453, 11, '4', 0.00, 0.00, 0),
(1454, 11, '5', 0.00, 0.00, 0),
(1455, 11, '6', 0.00, 0.00, 0),
(1456, 11, '7', 0.00, 0.00, 0),
(1464, 49, '1', 0.00, 0.00, 0),
(1465, 49, '2', 0.00, 0.00, 0),
(1466, 49, '3', 0.00, 0.00, 0),
(1467, 49, '4', 0.00, 0.00, 0),
(1468, 49, '5', 0.00, 0.00, 0),
(1469, 49, '6', 0.00, 0.00, 0),
(1470, 49, '7', 0.00, 0.00, 0),
(1499, 50, '1', 0.00, 0.00, 0),
(1500, 50, '2', 0.00, 0.00, 0),
(1501, 50, '3', 0.00, 0.00, 0),
(1502, 50, '4', 0.00, 0.00, 0),
(1503, 50, '5', 0.00, 0.00, 0),
(1504, 50, '6', 0.00, 0.00, 0),
(1505, 50, '7', 0.00, 0.00, 0),
(1506, 54, '1', 0.00, 0.00, 0),
(1507, 54, '2', 0.00, 0.00, 0),
(1508, 54, '3', 0.00, 0.00, 0),
(1509, 54, '4', 0.00, 0.00, 0),
(1510, 54, '5', 0.00, 0.00, 0),
(1511, 54, '6', 0.00, 0.00, 0),
(1512, 54, '7', 0.00, 0.00, 0);

-- --------------------------------------------------------

--
-- Table structure for table `hall_query`
--

CREATE TABLE IF NOT EXISTS `hall_query` (
  `id` int(100) NOT NULL AUTO_INCREMENT,
  `hall_name` varchar(255) NOT NULL,
  `address` text NOT NULL,
  `estimated_price` double(10,2) NOT NULL,
  `capacity` int(11) NOT NULL,
  `email` varchar(255) NOT NULL,
  `mobile` varchar(56) NOT NULL,
  `created_at` datetime NOT NULL,
  `is_deleted` tinyint(1) NOT NULL,
  PRIMARY KEY (`id`)
) ENGINE=InnoDB  DEFAULT CHARSET=utf8 AUTO_INCREMENT=9 ;

--
-- Dumping data for table `hall_query`
--

INSERT INTO `hall_query` (`id`, `hall_name`, `address`, `estimated_price`, `capacity`, `email`, `mobile`, `created_at`, `is_deleted`) VALUES
(1, 'Amiga', 'A61 Noida ', 1235.00, 0, 'test@gmail.com', '99993434394', '2015-12-29 00:00:00', 0),
(2, 'test', 'Sector-65, Noida', 0.00, 0, 'test1@gmail.com', '2222222', '0000-00-00 00:00:00', 0),
(3, 'test', 'Sector-65, Noida', 2500.00, 0, 'tes2t@gmail.com', '2222222', '0000-00-00 00:00:00', 1),
(4, 'ttttttt', 'xdgdft', 222.00, 50, 'test@gmail.com', '2222222222', '2016-01-14 11:42:58', 0),
(5, 'test', 'zdsrtst', 5454.00, 23, 'rahul@gmail.com', '1254872154', '2016-01-14 11:44:23', 0),
(6, 'zxfsdf', 'sdfzdsg', 22000.00, 100, 'admin1245@gmail.com', '2222222', '2016-01-14 17:58:42', 0),
(7, 'sdd', 'sdsds', 3434.00, 3434, '', '', '2016-01-22 15:00:17', 1),
(8, 'ZXFVDF', 'ZXFDG', 500.00, 20, 'ZDXF@ZXFC.GH', '14778784545', '2016-02-02 17:31:14', 0);

-- --------------------------------------------------------

--
-- Table structure for table `invoice`
--

CREATE TABLE IF NOT EXISTS `invoice` (
  `id` int(100) NOT NULL AUTO_INCREMENT,
  `hall_id` int(11) NOT NULL,
  `plan_id` int(11) NOT NULL,
  `plan_price` double(10,2) NOT NULL,
  `tax` int(11) NOT NULL,
  `total` varchar(255) NOT NULL,
  `trasaction_id` varchar(255) NOT NULL,
  `status` varchar(255) NOT NULL,
  `currency` varchar(255) NOT NULL,
  `name` varchar(255) NOT NULL,
  `mobile` varchar(255) NOT NULL,
  `address` varchar(255) NOT NULL,
  `email` varchar(255) NOT NULL,
  `date` datetime NOT NULL,
  PRIMARY KEY (`id`)
) ENGINE=InnoDB  DEFAULT CHARSET=utf8 AUTO_INCREMENT=28 ;

--
-- Dumping data for table `invoice`
--

INSERT INTO `invoice` (`id`, `hall_id`, `plan_id`, `plan_price`, `tax`, `total`, `trasaction_id`, `status`, `currency`, `name`, `mobile`, `address`, `email`, `date`) VALUES
(1, 1, 2, 0.00, 0, '105.00', '6SL1009143204963L', 'Completed', 'USD', 'Rahul Gupta', '222222222', 'Noida11', 'rahul.gupta@amigainformatics.co.in', '2016-02-25 06:08:09'),
(4, 1, 2, 0.00, 0, '105.00', '6SL1009143204963L', 'Completed', 'USD', 'Rahul Gupta', '222222222', 'Noida11', 'rahul.gupta@amigainformatics.co.in', '0000-00-00 00:00:00'),
(5, 1, 2, 0.00, 0, '105.00', '6SL1009143204963L', 'Completed', 'USD', 'Rahul Gupta', '222222222', 'Noida11', 'rahul.gupta@amigainformatics.co.in', '0000-00-00 00:00:00'),
(6, 1, 2, 0.00, 0, '105.00', '6SL1009143204963L', 'Completed', 'USD', 'Rahul Gupta', '222222222', 'Noida11', 'rahul.gupta@amigainformatics.co.in', '0000-00-00 00:00:00'),
(7, 1, 2, 0.00, 0, '105.00', '6SL1009143204963L', 'Completed', 'USD', 'Rahul Gupta', '222222222', 'Noida11', 'rahul.gupta@amigainformatics.co.in', '0000-00-00 00:00:00'),
(8, 14, 2, 0.00, 0, '105.00', '3GD26162H17189312', 'Completed', 'USD', 'Rahul Gupta', '222222222', 'Noida11', 'rahul.gupta@amigainformatics.co.in', '0000-00-00 00:00:00'),
(9, 14, 2, 0.00, 0, '105.00', '3GD26162H17189312', 'Completed', 'USD', 'Rahul Gupta', '222222222', 'Noida11', 'rahul.gupta@amigainformatics.co.in', '0000-00-00 00:00:00'),
(10, 1, 3, 0.00, 0, '199.50', '2S8098443C649432H', 'Completed', 'USD', 'Rahul Gupta', '222222222', 'Noida11', 'rahul.gupta@amigainformatics.co.in', '2016-02-25 10:52:01'),
(11, 1, 2, 0.00, 0, '105.00', '6WL74740XW1441157', 'Completed', 'USD', 'Rahul Gupta', '222222222', 'Noida11', 'rahul.gupta@amigainformatics.co.in', '2016-02-25 10:54:22'),
(12, 0, 3, 0.00, 0, '199.50', '4ND43858AC542940R', 'Completed', 'USD', 'Rahul Gupta', '222222222', 'Noida11', 'rahul.gupta@amigainformatics.co.in', '2016-02-25 11:01:01'),
(13, 1, 2, 0.00, 0, '105.00', '3DG63205PT9542225', 'Completed', 'USD', 'Rahul Gupta', '222222222', 'Noida11', 'rahul.gupta@amigainformatics.co.in', '2016-02-25 11:03:35'),
(14, 1, 2, 0.00, 0, '105.00', '3DG63205PT9542225', 'Completed', 'USD', 'Rahul Gupta', '222222222', 'Noida11', 'rahul.gupta@amigainformatics.co.in', '2016-02-25 11:04:46'),
(15, 1, 2, 0.00, 0, '105.00', '3DG63205PT9542225', 'Completed', 'USD', 'Rahul Gupta', '222222222', 'Noida11', 'rahul.gupta@amigainformatics.co.in', '2016-02-25 11:05:18'),
(16, 1, 3, 0.00, 0, '199.50', '3XW96056EY2927610', 'Completed', 'USD', 'Rahul Gupta', '222222222', 'Noida11', 'rahul.gupta@amigainformatics.co.in', '2016-02-25 11:06:20'),
(17, 1, 2, 0.00, 0, '105.00', '6N351332SL3671115', 'Completed', 'USD', 'Rahul Gupta', '222222222', 'Noida11', 'rahul.gupta@amigainformatics.co.in', '2016-02-25 11:20:56'),
(18, 1, 2, 0.00, 0, '105.00', '6N351332SL3671115', 'Completed', 'USD', 'Rahul Gupta', '222222222', 'Noida11', 'rahul.gupta@amigainformatics.co.in', '2016-02-25 11:27:50'),
(19, 1, 3, 0.00, 0, '199.50', '8N990834WF8420146', 'Completed', 'USD', 'Rahul Gupta', '222222222', 'Noida11', 'rahul.gupta@amigainformatics.co.in', '2016-02-25 11:32:33'),
(20, 1, 2, 0.00, 0, '105.00', '90U09103U9104035V', 'Completed', 'USD', 'Admin', '2147483647', 'Noida', 'rahul.amiga07@gmail.com', '2016-02-25 12:38:05'),
(21, 1, 2, 0.00, 0, '105.00', '90U09103U9104035V', 'Completed', 'USD', 'Admin', '2147483647', 'Noida', 'rahul.amiga07@gmail.com', '2016-02-25 12:39:49'),
(22, 1, 2, 0.00, 0, '105.00', '90U09103U9104035V', 'Completed', 'USD', 'Admin', '2147483647', 'Noida', 'rahul.amiga07@gmail.com', '2016-02-25 12:41:52'),
(23, 1, 2, 0.00, 0, '105.00', '90U09103U9104035V', 'Completed', 'USD', 'Admin', '2147483647', 'Noida', 'rahul.amiga07@gmail.com', '2016-02-25 12:42:25'),
(24, 1, 2, 0.00, 0, '105.00', '90U09103U9104035V', 'Completed', 'USD', 'Admin', '2147483647', 'Noida', 'rahul.amiga07@gmail.com', '2016-02-25 12:42:56'),
(25, 1, 2, 0.00, 0, '105.00', '5HG039331W1690036', 'Completed', 'USD', 'Admin', '2147483647', 'Noida', 'rahul.amiga07@gmail.com', '2016-02-25 12:45:35'),
(26, 1, 2, 0.00, 0, '105.00', '5HG039331W1690036', 'Completed', 'USD', 'Admin', '2147483647', 'Noida', 'rahul.amiga07@gmail.com', '2016-02-25 12:46:41'),
(27, 1, 3, 0.00, 0, '199.50', '6V945868UK041861W', 'Completed', 'USD', 'Admin', '2147483647', 'Noida', 'rahul.amiga07@gmail.com', '2016-02-25 12:52:38');

-- --------------------------------------------------------

--
-- Table structure for table `logs`
--

CREATE TABLE IF NOT EXISTS `logs` (
  `id` bigint(11) NOT NULL AUTO_INCREMENT,
  `vendor_id` int(11) NOT NULL,
  `admin_id` int(11) NOT NULL,
  `name` varchar(255) NOT NULL,
  `email` varchar(255) NOT NULL,
  `mobile` varchar(255) NOT NULL,
  `address` varchar(255) NOT NULL,
  `action_id` int(11) NOT NULL,
  `action` text NOT NULL,
  `user_status` varchar(100) DEFAULT NULL,
  `ip` varchar(50) NOT NULL,
  `browser_details` text,
  `date` datetime NOT NULL,
  PRIMARY KEY (`id`)
) ENGINE=MyISAM  DEFAULT CHARSET=latin1 AUTO_INCREMENT=24 ;

--
-- Dumping data for table `logs`
--

INSERT INTO `logs` (`id`, `vendor_id`, `admin_id`, `name`, `email`, `mobile`, `address`, `action_id`, `action`, `user_status`, `ip`, `browser_details`, `date`) VALUES
(1, 1, 0, 'ajit patel', 'rahul.gupta@amigainformatics.co.in', '21244545', 'Noida', 0, 'Hall Delete by Vendor (8)', NULL, '127.0.0.1', 'Mozilla/5.0 (X11; Linux i686) AppleWebKit/537.36 (KHTML, like Gecko) Chrome/46.0.2490.80 Safari/537.36', '2016-02-22 11:24:07'),
(2, 1, 0, 'ajit patel', 'rahul.gupta@amigainformatics.co.in', '21244545', 'Noida', 0, 'New Hall Add by Vendor (46)', NULL, '127.0.0.1', 'Mozilla/5.0 (X11; Linux i686) AppleWebKit/537.36 (KHTML, like Gecko) Chrome/46.0.2490.80 Safari/537.36', '2016-02-22 12:10:14'),
(3, 1, 0, 'ajit patel', 'rahul.gupta@amigainformatics.co.in', '21244545', 'Noida', 0, 'New Hall Add by Vendor (47)', NULL, '127.0.0.1', 'Mozilla/5.0 (X11; Linux i686) AppleWebKit/537.36 (KHTML, like Gecko) Chrome/46.0.2490.80 Safari/537.36', '2016-02-22 12:18:28'),
(4, 1, 0, 'ajit patel', 'rahul.gupta@amigainformatics.co.in', '21244545', 'Noida', 0, 'Hall Edit by Vendor (1)', NULL, '127.0.0.1', 'Mozilla/5.0 (X11; Linux i686) AppleWebKit/537.36 (KHTML, like Gecko) Chrome/46.0.2490.80 Safari/537.36', '2016-02-22 12:21:16'),
(5, 1, 0, 'ajit patel', 'rahul.gupta@amigainformatics.co.in', '21244545', 'Noida', 0, 'Hall Edit by Vendor (9)', NULL, '127.0.0.1', 'Mozilla/5.0 (X11; Linux i686) AppleWebKit/537.36 (KHTML, like Gecko) Chrome/46.0.2490.80 Safari/537.36', '2016-02-22 12:22:36'),
(6, 1, 0, 'ajit patel', 'rahul.gupta@amigainformatics.co.in', '21244545', 'Noida', 1, 'Hall Edit by Vendor (11)', NULL, '127.0.0.1', 'Mozilla/5.0 (X11; Linux i686) AppleWebKit/537.36 (KHTML, like Gecko) Chrome/46.0.2490.80 Safari/537.36', '2016-02-22 12:27:08'),
(7, 1, 0, 'ajit patel', 'rahul.gupta@amigainformatics.co.in', '21244545', 'Noida11', 0, 'Profile Updated by Vendor (1)', NULL, '127.0.0.1', 'Mozilla/5.0 (X11; Linux i686) AppleWebKit/537.36 (KHTML, like Gecko) Chrome/46.0.2490.80 Safari/537.36', '2016-02-22 13:13:20'),
(8, 1, 0, 'Rahul Gupta', 'rahul.gupta@amigainformatics.co.in', '21244545', 'Noida11', 0, 'Profile Updated by Vendor (1)', NULL, '192.168.1.191', 'Mozilla/5.0 (X11; Linux i686) AppleWebKit/537.36 (KHTML, like Gecko) Chrome/46.0.2490.80 Safari/537.36', '2016-02-24 10:59:21'),
(9, 1, 0, 'Rahul Gupta', 'rahul.gupta@amigainformatics.co.in', '222222222', 'Noida11', 0, 'Profile Updated by Vendor (1)', NULL, '192.168.1.191', 'Mozilla/5.0 (X11; Linux i686) AppleWebKit/537.36 (KHTML, like Gecko) Chrome/46.0.2490.80 Safari/537.36', '2016-02-24 10:59:28'),
(10, 1, 0, 'Rahul Gupta', 'rahul.gupta@amigainformatics.co.in', '222222222', 'Noida11', 0, 'Hall Delete by Vendor (1)', NULL, '192.168.1.191', 'Mozilla/5.0 (X11; Linux i686) AppleWebKit/537.36 (KHTML, like Gecko) Chrome/46.0.2490.80 Safari/537.36', '2016-02-26 18:13:39'),
(11, 1, 0, 'Rahul Gupta', 'rahul.gupta@amigainformatics.co.in', '222222222', 'Noida11', 0, 'Hall Edit by Vendor (11)', NULL, '192.168.1.191', 'Mozilla/5.0 (X11; Linux i686) AppleWebKit/537.36 (KHTML, like Gecko) Chrome/46.0.2490.80 Safari/537.36', '2016-02-29 12:09:33'),
(12, 1, 0, 'Rahul Gupta', 'rahul.gupta@amigainformatics.co.in', '222222222', 'Noida11', 0, 'New Hall Add by Vendor (48)', NULL, '192.168.1.191', 'Mozilla/5.0 (X11; Linux i686) AppleWebKit/537.36 (KHTML, like Gecko) Chrome/46.0.2490.80 Safari/537.36', '2016-02-29 12:11:42'),
(13, 1, 0, 'Rahul Gupta', 'rahul.gupta@amigainformatics.co.in', '222222222', 'Noida11', 0, 'New Hall Add by Vendor (49)', NULL, '192.168.1.191', 'Mozilla/5.0 (X11; Linux i686) AppleWebKit/537.36 (KHTML, like Gecko) Chrome/46.0.2490.80 Safari/537.36', '2016-02-29 12:14:09'),
(14, 1, 0, 'Rahul Gupta', 'rahul.gupta@amigainformatics.co.in', '222222222', 'Noida11', 0, 'New Hall Add by Vendor (50)', NULL, '192.168.1.191', 'Mozilla/5.0 (X11; Linux i686) AppleWebKit/537.36 (KHTML, like Gecko) Chrome/46.0.2490.80 Safari/537.36', '2016-02-29 12:19:19'),
(15, 1, 0, 'Rahul Gupta', 'rahul.gupta@amigainformatics.co.in', '222222222', 'Noida11', 0, 'Hall Edit by Vendor (50)', NULL, '192.168.1.191', 'Mozilla/5.0 (X11; Linux i686) AppleWebKit/537.36 (KHTML, like Gecko) Chrome/46.0.2490.80 Safari/537.36', '2016-02-29 13:16:51'),
(16, 1, 0, 'Rahul Gupta', 'rahul.gupta@amigainformatics.co.in', '222222222', 'Noida11', 0, 'Hall Deleted by Vendor (26)', NULL, '192.168.1.191', 'Mozilla/5.0 (X11; Linux i686) AppleWebKit/537.36 (KHTML, like Gecko) Chrome/46.0.2490.80 Safari/537.36', '2016-02-29 13:18:44'),
(17, 1, 0, 'Rahul Gupta', 'rahul.gupta@amigainformatics.co.in', '222222222', 'Noida11', 0, 'Hall Edit by Vendor (49)', NULL, '192.168.1.191', 'Mozilla/5.0 (X11; Linux i686) AppleWebKit/537.36 (KHTML, like Gecko) Chrome/46.0.2490.80 Safari/537.36', '2016-02-29 14:24:08'),
(18, 1, 0, 'Rahul Gupta', 'rahul.gupta@amigainformatics.co.in', '222222222', 'Noida11', 0, 'Hall Edit by Vendor (50)', NULL, '192.168.1.191', 'Mozilla/5.0 (X11; Linux i686) AppleWebKit/537.36 (KHTML, like Gecko) Chrome/46.0.2490.80 Safari/537.36', '2016-02-29 18:58:28'),
(19, 1, 0, 'Rahul Gupta', 'rahul.gupta@amigainformatics.co.in', '222222222', 'Noida11', 0, 'Hall Edit by Vendor (50)', NULL, '192.168.1.191', 'Mozilla/5.0 (X11; Linux i686) AppleWebKit/537.36 (KHTML, like Gecko) Chrome/46.0.2490.80 Safari/537.36', '2016-03-01 10:40:23'),
(20, 1, 0, 'Rahul Gupta', 'rahul.gupta@amigainformatics.co.in', '222222222', 'Noida11', 0, 'Hall Edit by Vendor (50)', NULL, '192.168.1.191', 'Mozilla/5.0 (X11; Linux i686) AppleWebKit/537.36 (KHTML, like Gecko) Chrome/46.0.2490.80 Safari/537.36', '2016-03-01 10:42:42'),
(21, 1, 0, 'Rahul Gupta', 'rahul.gupta@amigainformatics.co.in', '222222222', 'Noida11', 0, 'Hall Edit by Vendor (50)', NULL, '192.168.1.191', 'Mozilla/5.0 (X11; Linux i686) AppleWebKit/537.36 (KHTML, like Gecko) Chrome/46.0.2490.80 Safari/537.36', '2016-03-01 11:50:06'),
(22, 1, 0, 'Rahul Gupta', 'rahul.gupta@amigainformatics.co.in', '222222222', 'Noida11', 0, 'Hall Edit by Vendor (50)', NULL, '192.168.1.191', 'Mozilla/5.0 (X11; Linux i686) AppleWebKit/537.36 (KHTML, like Gecko) Chrome/46.0.2490.80 Safari/537.36', '2016-03-01 11:50:23'),
(23, 1, 0, 'Rahul Gupta', 'rahul.gupta@amigainformatics.co.in', '222222222', 'Noida11', 0, 'Hall Deleted by Vendor (13)', NULL, '192.168.1.191', 'Mozilla/5.0 (X11; Linux i686) AppleWebKit/537.36 (KHTML, like Gecko) Chrome/46.0.2490.80 Safari/537.36', '2016-03-01 12:30:19');

-- --------------------------------------------------------

--
-- Table structure for table `mail_template`
--

CREATE TABLE IF NOT EXISTS `mail_template` (
  `id` int(100) NOT NULL AUTO_INCREMENT,
  `title` varchar(255) NOT NULL,
  `from_email` varchar(255) NOT NULL,
  `reply_email` varchar(255) NOT NULL,
  `subject` varchar(255) NOT NULL,
  `message` longtext NOT NULL,
  `modified_at` datetime NOT NULL,
  `is_deleted` tinyint(1) NOT NULL,
  PRIMARY KEY (`id`)
) ENGINE=InnoDB  DEFAULT CHARSET=utf8 AUTO_INCREMENT=16 ;

--
-- Dumping data for table `mail_template`
--

INSERT INTO `mail_template` (`id`, `title`, `from_email`, `reply_email`, `subject`, `message`, `modified_at`, `is_deleted`) VALUES
(1, 'Front end Forgot passsword send mail to vendor (done)', 'DonotReply@rentyourhall.com', 'DonotReply@rentyourhall.com', 'Forgot passsword', 'Hello [user],<br><br>&nbsp;Please&nbsp; [click_here]&nbsp;&nbsp; to reset your password<br><br><br>Thanks,<br>Admin<br><br>', '2016-02-16 13:46:37', 0),
(2, 'Hall Details Page mail send to Admin (done)', 'DonotReply@rentyourhall.com', 'DonotReply@rentyourhall.com', 'Hall Query', '<div><p>Hello&nbsp; Admin</p><p>Congratulation, you have just received a Hall Booking Query Details -</p><br data-cke-eol="1"><table style="height:184px; width:500px" border="1" cellpadding="1" cellspacing="1"><tbody><tr><td><strong>&nbsp; Hall Name</strong></td><td>&nbsp; [hall_name]</td></tr><tr><td>&nbsp; <strong>Name</strong></td><td>&nbsp; [name]</td></tr><tr><td><strong>&nbsp; Email Id</strong></td><td><strong>&nbsp; </strong>[email]</td></tr><tr><td><b>&nbsp; Contact No</b><br></td><td><strong>&nbsp; </strong>[phone_number]</td></tr><tr><td><strong>&nbsp; Event Date</strong></td><td><strong>&nbsp; </strong>[event_date]</td></tr><tr><td><strong>&nbsp; Schedule Date</strong></td><td><strong>&nbsp; </strong>[schedule_date]</td></tr><tr><td><strong>&nbsp; Price</strong></td><td><strong>&nbsp;&nbsp;</strong>[price]</td></tr><tr><td><strong>&nbsp; Additional Information</strong></td><td>&nbsp; [add_info]</td></tr></tbody></table><br><br><p>Thanks,</p><p>[site_url]<br></p></div>', '2016-02-16 13:47:09', 0),
(3, 'Hall Details Page mail send to Vendor (done)', 'DonotReply@rentyourhall.com', 'DonotReply@rentyourhall.com', 'New Hall Query', '<div><p>Hello&nbsp; [vendor]</p><p>Congratulation, you have just received a Hall Booking Query Details -</p><br data-cke-eol="1"><table style="height:184px; width:500px" border="1" cellpadding="1" cellspacing="1"><tbody><tr><td><strong>&nbsp; Hall Name</strong></td><td>&nbsp; [hall_name]</td></tr><tr><td>&nbsp; <strong>Name</strong></td><td>&nbsp; [name]</td></tr><tr><td><strong>&nbsp; Email Id</strong></td><td><strong>&nbsp; </strong>[email]</td></tr><tr><td><strong>&nbsp; Event Date</strong></td><td><strong>&nbsp; </strong>[event_date]</td></tr><tr><td><strong>&nbsp; Schedule Date</strong></td><td><strong>&nbsp; </strong>[schedule_date]</td></tr><tr><td><strong>&nbsp; Price</strong></td><td><strong>&nbsp;&nbsp;</strong>[price]</td></tr><tr><td><strong>&nbsp; Additional Information</strong></td><td>&nbsp; [add_info]</td></tr></tbody></table><br><br><p>Thanks,</p><p>Admin<br></p></div>', '2016-02-16 13:47:16', 0),
(4, 'Hall Details Page mail send to User (done)', 'DonotReply@rentyourhall.com', 'DonotReply@rentyourhall.com', 'New Order received', '<p>Hello [user]<br></p><p>Your Order&nbsp; has been received, Our executive will contact you soon.</p><p>Please note down your&nbsp; order&nbsp;<b> [order_id]&nbsp;</b> for further reference.</p><p><br></p><p>Thanks,</p><p>Admin<br></p>', '2016-02-16 13:47:24', 0),
(5, 'Front end vendor signup send mail to vendor (done)', 'DonotReply@rentyourhall.com', 'DonotReply@rentyourhall.com', 'Activate your account', 'Hello [user],<br><br>Thanks for registering of our website&nbsp; [site_url],<br><br>Please click here&nbsp;&nbsp; [activation_link]&nbsp; to activate your account,<br><br><br>Thanks,<br>Admin<br><br>', '2016-02-16 13:47:35', 0),
(6, 'Front end vendor signup send mail to admin (done)', 'DonotReply@rentyourhall.com', 'DonotReply@rentyourhall.com', 'New user registered', 'Hello Admin,<br><br>&nbsp;A new vendor has been registered with given below details<br><br><table style="width:500px" border="1" cellpadding="1" cellspacing="1"><tbody><tr><td>Email<br></td><td>[email]</td></tr><tr><td>Phone No</td><td>[phone_no]</td></tr></tbody></table><br data-cke-eol="1"><br><br>Thanks<br>[site_url]<br>', '2016-02-16 13:47:43', 0),
(7, 'Not a hall owner(Front end) send mail to Admin (done)', 'DonotReply@rentyourhall.com', 'DonotReply@rentyourhall.com', 'New Hall query  Submitted', 'Hello Admin,<br><br>A new Crowd hall&nbsp; has been submitted wit below details<br><br><table style="width: 500px;" border="1" cellpadding="1" cellspacing="1"><tbody><tr><td>Hall name<br></td><td>[hall_name]<br></td></tr><tr><td>Address<br></td><td>[address]<br></td></tr><tr><td>Estimated Price<br></td><td>[estimated_price]<br></td></tr><tr><td>Estimated Capacity<br></td><td>[estimated_capacity]<br></td></tr><tr><td>Email<br></td><td>[email]<br></td></tr><tr><td>Phone Number<br></td><td>[phone_number]<br></td></tr></tbody></table><p><br></p><br>Thanks<br>[site_url]<br>', '2016-02-16 13:47:53', 0),
(8, 'Contact us form send mail to Admin', 'DonotReply@rentyourhall.com', 'DonotReply@rentyourhall.com', 'Contact us query', '<p>Hello Admin,<br>\r\n<br>\r\n&nbsp;A new query has been received with given below details<br>\r\n&nbsp;</p>\r\n\r\n<br>\r\n			&nbsp;\r\n		<table style="width:500px" border="1" cellpadding="1" cellspacing="1">\r\n	<tbody>\r\n		<tr>\r\n			<td>Name</td>\r\n			<td>[name]</td>\r\n		</tr>\r\n		<tr>\r\n			<td>Eamil</td>\r\n			<td>[email]</td>\r\n			</tr>\r\n		<tr>\r\n			<td>Phone No</td>\r\n			<td>[phone_no]</td>\r\n		</tr>\r\n		<tr>\r\n			<td>Message</td>\r\n			<td>[message]</td>\r\n		</tr>\r\n	</tbody>\r\n</table>\r\n\r\n<p><br>\r\n<br>\r\n<br>\r\nThanks<br>\r\n[site_url]</p>\r\n', '2016-02-16 13:48:14', 0),
(9, 'front end new user subscribed send mail to admin', 'DonotReply@rentyourhall.com', 'DonotReply@rentyourhall.com', 'New user subscribe', 'Hello Admin<br><br>A new user has been subscribe&nbsp;&nbsp; [email]<br><br><br><br>Thanks,<br>[site_url]<br>', '2016-02-16 13:48:31', 0),
(10, 'A new hall added by vendor in vendor panel  ( send mail to admin )', 'DonotReply@rentyourhall.com', 'DonotReply@rentyourhall.com', 'New hall added by vednor', '<p>Hello Admin,<br>\r\n<br>\r\nA new hall added by vendor</p>\r\n\r\n<table style="width:500px" border="1" cellpadding="1" cellspacing="1">\r\n	<tbody>\r\n		<tr>\r\n			<td>Hall name</td>\r\n			<td>[hall_name]</td>\r\n		</tr>\r\n		<tr>\r\n			<td>Location</td>\r\n			<td>[location]</td>\r\n		</tr>\r\n		<tr>\r\n			<td>Estimated Price</td>\r\n			<td>[estimated_price]</td>\r\n		</tr>\r\n		<tr>\r\n			<td>Estimated Capacity</td>\r\n			<td>[estimated_capacity]</td>\r\n		</tr>\r\n	</tbody>\r\n</table>\r\n\r\n<p>&nbsp;</p>\r\n\r\n<p><br>\r\nThanks<br>\r\n[site_url]</p>\r\n', '2016-02-16 13:48:39', 0),
(11, 'booked order changes status send mail to User', 'DonotReply@rentyourhall.com', 'DonotReply@rentyourhall.com', 'Order status changed', '<p>Hello [user],<br>\r\n</p><br>Order status&nbsp; of &nbsp; <b>[transaction_id]&nbsp;</b> has been&nbsp; changed for hall&nbsp; [hall_name]<br><br>New&nbsp; status [order_status]<br><br>[vendor_phone_number]<br><br><p><br>\r\nThanks<br>\r\n[site_url]</p>\r\n', '2016-02-16 13:48:47', 0),
(12, 'booked order changes status send mail to admin', 'DonotReply@rentyourhall.com', 'DonotReply@rentyourhall.com', 'Order status changed', '<p>Hello Admin,<br>\n</p><br>Order status&nbsp; of &nbsp; <b>[transaction_id]&nbsp;</b> has been&nbsp; changed for hall&nbsp; [hall_name]<br><br>New&nbsp; status &nbsp; : &nbsp; &nbsp; [order_status]<br><br><p><br>\nThanks<br>\n[site_url]</p>\n', '2016-02-16 13:48:56', 0),
(13, 'booked order changes status send mail to Vendor', 'DonotReply@rentyourhall.com', 'DonotReply@rentyourhall.com', 'Order status changed', '<p>Hello [user],<br>\r\n</p><br>Order status&nbsp; of &nbsp; <b>[transaction_id]&nbsp;</b> has been&nbsp; changed for hall&nbsp; [hall_name]<br><br>New&nbsp; status &nbsp; : &nbsp; &nbsp; [order_status]<br><br><p><br>\r\nThanks<br>\r\n[site_url]</p>\r\n', '2016-02-16 13:49:03', 0),
(14, 'subscription plan update send mail to Vendor', 'DonotReply@rentyourhall.com', 'DonotReply@rentyourhall.com', 'Subscription plan has been updated', '<p>Hello&nbsp; [vendor_name]<br></p><p>Below details of hall subscription plan has been updated<br></p><table height="70" border="1" cellpadding="1" cellspacing="1" width="500"><tbody><tr><td><strong>&nbsp; Hall Name</strong><br></td><td>&nbsp; [hall_name]</td></tr><tr><td><strong>&nbsp; Subscription period </strong><br></td><td><strong>&nbsp; </strong>[subscription_period]<br></td></tr></tbody></table><p><br></p><p>Thanks,<br></p><p>[site_url]</p>', '2016-02-16 13:49:11', 0),
(15, 'subscription plan update send mail to Admin', 'DonotReply@rentyourhall.com', 'DonotReply@rentyourhall.com', 'Subscription plan has been updated', '<p>Hello&nbsp; Admin<br></p><p>Below details of hall subscription plan has been updated<br></p><table height="123" border="1" cellpadding="1" cellspacing="1" width="546"><tbody><tr><td><strong>&nbsp; Hall Name</strong><br></td><td>&nbsp; [hall_name]</td></tr><tr><td>&nbsp; <strong>Vendor name</strong></td><td>&nbsp; [vendor_name]</td></tr><tr><td><strong>&nbsp; Vendor Email</strong></td><td><strong>&nbsp; </strong>[email]</td></tr><tr><td><strong>&nbsp; Subscription period </strong><br></td><td><strong>&nbsp;</strong><strong>&nbsp; </strong>[subscription_period]</td></tr></tbody></table><p><br></p><p>Thanks,<br></p><p>[site_url]</p>', '2016-02-16 13:49:38', 0);

-- --------------------------------------------------------

--
-- Table structure for table `negotiation`
--

CREATE TABLE IF NOT EXISTS `negotiation` (
  `id` int(100) NOT NULL AUTO_INCREMENT,
  `negotiation` varchar(255) DEFAULT NULL,
  `created_at` datetime NOT NULL,
  `created_by` int(11) NOT NULL,
  `modified_at` datetime NOT NULL,
  `modified_by` int(11) NOT NULL,
  `is_active` tinyint(1) NOT NULL DEFAULT '1',
  `is_deleted` tinyint(1) NOT NULL,
  PRIMARY KEY (`id`)
) ENGINE=InnoDB  DEFAULT CHARSET=utf8 AUTO_INCREMENT=4 ;

--
-- Dumping data for table `negotiation`
--

INSERT INTO `negotiation` (`id`, `negotiation`, `created_at`, `created_by`, `modified_at`, `modified_by`, `is_active`, `is_deleted`) VALUES
(1, 'not open to negotiation', '0000-00-00 00:00:00', 0, '0000-00-00 00:00:00', 0, 1, 0),
(2, 'slightly open to negotiation', '0000-00-00 00:00:00', 0, '0000-00-00 00:00:00', 0, 1, 0),
(3, 'very open to negotiation', '0000-00-00 00:00:00', 0, '0000-00-00 00:00:00', 0, 1, 0);

-- --------------------------------------------------------

--
-- Table structure for table `newsletter`
--

CREATE TABLE IF NOT EXISTS `newsletter` (
  `id` int(11) NOT NULL AUTO_INCREMENT,
  `name` varchar(250) CHARACTER SET latin1 NOT NULL,
  `email` varchar(250) CHARACTER SET latin1 NOT NULL,
  `created_at` datetime NOT NULL,
  `created_by` int(11) NOT NULL,
  `modified_at` datetime NOT NULL,
  `modified_by` int(11) NOT NULL,
  `is_deleted` tinyint(1) NOT NULL,
  PRIMARY KEY (`id`)
) ENGINE=InnoDB  DEFAULT CHARSET=utf8 AUTO_INCREMENT=6 ;

--
-- Dumping data for table `newsletter`
--

INSERT INTO `newsletter` (`id`, `name`, `email`, `created_at`, `created_by`, `modified_at`, `modified_by`, `is_deleted`) VALUES
(1, '', 'asas@gmsds.com', '0000-00-00 00:00:00', 0, '0000-00-00 00:00:00', 0, 0),
(2, '', 'dsdds@sdfd.com', '0000-00-00 00:00:00', 0, '0000-00-00 00:00:00', 0, 0),
(3, '', 'test@gmail.com', '0000-00-00 00:00:00', 0, '0000-00-00 00:00:00', 0, 0),
(4, '', 'asa@gmail.com', '0000-00-00 00:00:00', 0, '0000-00-00 00:00:00', 0, 0),
(5, '', 'test@gmail.co', '2016-01-20 12:36:09', 0, '0000-00-00 00:00:00', 0, 0);

-- --------------------------------------------------------

--
-- Table structure for table `order`
--

CREATE TABLE IF NOT EXISTS `order` (
  `id` int(100) NOT NULL AUTO_INCREMENT,
  `transaction_id` varchar(255) NOT NULL,
  `hall_id` int(11) NOT NULL,
  `order_status_id` int(11) NOT NULL DEFAULT '1',
  `order_date` datetime NOT NULL,
  `name` varchar(255) NOT NULL,
  `email` varchar(255) NOT NULL,
  `phone_number` varchar(255) NOT NULL,
  `schdule_visit_date` date NOT NULL,
  `bid_price` double(17,2) NOT NULL,
  `negotiation_id` int(11) NOT NULL,
  `additional_information` text NOT NULL,
  `agree_term` tinyint(1) NOT NULL,
  `receive_newsletter_and_offer` tinyint(1) NOT NULL,
  `receive_newsletter` tinyint(1) NOT NULL,
  `ip_address` varchar(50) NOT NULL,
  `created_at` datetime NOT NULL,
  `created_by` int(11) NOT NULL,
  `modified_at` datetime NOT NULL,
  `modified_by` int(11) NOT NULL,
  `is_deleted` tinyint(1) NOT NULL,
  `is_deleted_by_vendor` int(11) NOT NULL,
  PRIMARY KEY (`id`)
) ENGINE=InnoDB  DEFAULT CHARSET=utf8 AUTO_INCREMENT=42 ;

--
-- Dumping data for table `order`
--

INSERT INTO `order` (`id`, `transaction_id`, `hall_id`, `order_status_id`, `order_date`, `name`, `email`, `phone_number`, `schdule_visit_date`, `bid_price`, `negotiation_id`, `additional_information`, `agree_term`, `receive_newsletter_and_offer`, `receive_newsletter`, `ip_address`, `created_at`, `created_by`, `modified_at`, `modified_by`, `is_deleted`, `is_deleted_by_vendor`) VALUES
(10, 'TRA-00010', 27, 4, '2016-02-11 15:14:51', 'sdsds', 'admin@gmail.com', '4344', '2016-02-18', 23242.00, 0, '3434434', 1, 1, 1, '192.168.1.161', '2016-02-11 15:14:51', 0, '0000-00-00 00:00:00', 0, 0, 0),
(13, 'TRA-00013', 9, 2, '2016-02-12 17:45:19', 'rrrrr', 'rrr@gmail.com', '5787214877', '2016-02-20', 1234567890.00, 0, 'zcxfvrsret', 1, 1, 1, '192.168.1.191', '2016-02-12 17:45:19', 0, '0000-00-00 00:00:00', 0, 1, 0),
(14, 'TRA-00014', 1, 2, '2016-02-12 18:04:05', 'rani', 'ajitpatel2049@gmail.com', '09911586774', '2016-02-12', 987654321.00, 0, ';cbijokgov', 1, 1, 1, '192.168.1.114', '2016-02-12 18:04:05', 0, '0000-00-00 00:00:00', 0, 1, 0),
(15, 'TRA-00015', 2, 1, '2016-02-22 14:46:00', 'cxgfdstg', 'fdtydry@asr.hgiu', '1234567890', '2016-02-24', 1245.00, 0, 'zxfsdtr', 1, 1, 1, '127.0.0.1', '2016-02-22 14:46:00', 0, '0000-00-00 00:00:00', 0, 0, 0),
(17, 'TRA-00017', 50, 1, '2016-02-29 12:49:49', 'zxcfdsg', 'cxgg@dfgds.cgfhy', 'xcvgb', '2016-03-24', 1234567890.00, 0, 'xdfgdfsg', 1, 1, 1, '192.168.1.191', '2016-02-29 12:49:49', 0, '0000-00-00 00:00:00', 0, 0, 0),
(18, 'TRA-00018', 11, 2, '2016-02-29 13:00:14', 'developer', 'rahul.amiga07@gmail.com', '5787214877', '2016-03-18', 1234567890.00, 0, 'sdfsdg', 1, 1, 1, '192.168.1.191', '2016-02-29 13:00:14', 0, '0000-00-00 00:00:00', 0, 1, 0),
(19, 'TRA-00019', 11, 2, '2016-02-29 13:03:01', 'developer', 'rahul.amiga07@gmail.com', '5787214877', '2016-03-05', 1234567890.00, 0, 'adsff', 1, 1, 1, '192.168.1.191', '2016-02-29 13:03:01', 0, '0000-00-00 00:00:00', 0, 1, 0),
(20, 'TRA-00020', 11, 2, '2016-02-29 13:03:59', 'developer', 'rahul.amiga07@gmail.com', '5787214877', '2016-03-05', 1215458712.00, 0, 'zxfdsf', 1, 1, 1, '192.168.1.191', '2016-02-29 13:03:59', 0, '0000-00-00 00:00:00', 0, 0, 0),
(21, 'TRA-00021', 11, 2, '2016-02-29 13:04:24', 'developer', 'rahul.amiga07@gmail.com', '5787214877', '2016-03-05', 145454.00, 0, 'dsfre', 1, 1, 1, '192.168.1.191', '2016-02-29 13:04:24', 0, '0000-00-00 00:00:00', 0, 0, 0),
(22, 'TRA-00022', 11, 1, '2016-02-29 13:05:35', 'developer', 'rahul.amiga07@gmail.com', '5787214877', '2016-03-05', 145454.00, 0, 'dzrf', 1, 1, 1, '192.168.1.191', '2016-02-29 13:05:35', 0, '0000-00-00 00:00:00', 0, 0, 0),
(23, 'TRA-00023', 11, 1, '2016-02-29 13:13:16', 'Rahul Gupta', 'rahulgpt353@gmail.com', '7042094743', '2016-03-10', 145454.00, 0, 'zxfc', 1, 1, 1, '192.168.1.191', '2016-02-29 13:13:16', 0, '0000-00-00 00:00:00', 0, 0, 0),
(24, 'TRA-00024', 50, 2, '2016-02-29 13:17:21', 'Rahul Gupta', 'rahulgpt353@gmail.com', '7042094743', '2016-03-18', 145454.00, 0, 'zD', 1, 1, 1, '192.168.1.191', '2016-02-29 13:17:21', 0, '0000-00-00 00:00:00', 0, 0, 0),
(25, 'TRA-00025', 50, 2, '2016-02-29 13:17:55', 'developer', 'rahul.amiga07@gmail.com', '5787214877', '2016-03-18', 1215458712.00, 0, 'zxDFsf', 1, 1, 1, '192.168.1.191', '2016-02-29 13:17:55', 0, '0000-00-00 00:00:00', 0, 0, 0),
(27, 'TRA-00027', 50, 2, '2016-02-29 13:19:44', 'developer', 'rahul.amiga07@gmail.com', '5787214877', '2016-03-25', 145454.00, 0, 'xfgd', 1, 1, 1, '192.168.1.191', '2016-02-29 13:19:44', 0, '0000-00-00 00:00:00', 0, 0, 0),
(28, 'TRA-00028', 50, 2, '2016-02-29 13:20:36', 'developer', 'rahul.amiga07@gmail.com', '5787214877', '2016-03-12', 142.00, 0, 'Dd', 1, 1, 1, '192.168.1.191', '2016-02-29 13:20:36', 0, '0000-00-00 00:00:00', 0, 0, 0),
(29, 'TRA-00029', 50, 1, '2016-02-29 13:22:02', 'developer', 'rahul.amiga07@gmail.com', '5787214877', '2016-03-23', 1234567890.00, 0, 'zxdfdstg', 1, 1, 1, '192.168.1.191', '2016-02-29 13:22:02', 0, '0000-00-00 00:00:00', 0, 0, 0),
(30, 'TRA-00030', 50, 2, '2016-02-29 13:32:08', 'developer', 'admin@gmail.com', '5787214877', '2016-03-25', 145454.00, 0, 'cxgfdst', 1, 1, 1, '192.168.1.191', '2016-02-29 13:32:08', 0, '0000-00-00 00:00:00', 0, 0, 0),
(31, 'TRA-00031', 50, 2, '2016-02-29 13:32:44', 'developer', 'admin@gmail.com', '5787214877', '2016-03-26', 1234567890.00, 0, 'xcg', 1, 1, 1, '192.168.1.191', '2016-02-29 13:32:44', 0, '0000-00-00 00:00:00', 0, 0, 0),
(32, 'TRA-00032', 50, 2, '2016-02-29 13:33:09', 'developer', 'rahul.amiga07@gmail.com', '5787214877', '2016-03-25', 1234567890.00, 0, 'fguu', 1, 1, 1, '192.168.1.191', '2016-02-29 13:33:09', 0, '0000-00-00 00:00:00', 0, 0, 0),
(33, 'TRA-00033', 50, 1, '2016-02-29 13:33:40', 'developer', 'rahul.amiga07@gmail.com', '7042094743', '2016-03-25', 145454.00, 0, 'szrer', 1, 1, 1, '192.168.1.191', '2016-02-29 13:33:40', 0, '0000-00-00 00:00:00', 0, 0, 0),
(34, 'TRA-00034', 49, 2, '2016-02-29 14:24:38', 'developer', 'rahul.amiga07@gmail.com', '5787214877', '2016-03-18', 145454.00, 0, 'DSaD', 1, 1, 1, '192.168.1.191', '2016-02-29 14:24:38', 0, '0000-00-00 00:00:00', 0, 0, 0),
(35, 'TRA-00035', 49, 2, '2016-02-29 14:25:24', 'developer', 'rahul.amiga07@gmail.com', '5787214877', '2016-03-26', 1234567890.00, 0, 'ZXFF', 1, 1, 1, '192.168.1.191', '2016-02-29 14:25:24', 0, '0000-00-00 00:00:00', 0, 0, 0),
(36, 'TRA-00036', 49, 2, '2016-02-29 14:25:51', 'developer', 'rahul.amiga07@gmail.com', '5787214877', '2016-03-11', 145454.00, 0, 'XZCDZSF', 1, 1, 1, '192.168.1.191', '2016-02-29 14:25:51', 0, '0000-00-00 00:00:00', 0, 0, 0),
(37, 'TRA-00037', 49, 1, '2016-02-29 14:26:18', 'developer', 'rahul.amiga07@gmail.com', '5787214877', '2016-03-26', 145454.00, 0, 'zsdSA', 1, 1, 1, '192.168.1.191', '2016-02-29 14:26:18', 0, '0000-00-00 00:00:00', 0, 0, 0),
(38, 'TRA-00038', 49, 2, '2016-02-29 14:30:27', 'developer', 'rahul.amiga07@gmail.com', '7042094743', '2016-03-25', 145454.00, 0, 'DZSFSD', 1, 1, 1, '192.168.1.191', '2016-02-29 14:30:27', 0, '0000-00-00 00:00:00', 0, 0, 0),
(39, 'TRA-00039', 49, 2, '2016-02-29 14:30:56', 'developer', 'rahul.amiga07@gmail.com', '5787214877', '2016-03-18', 145454.00, 0, 'DSRFER', 1, 1, 1, '192.168.1.191', '2016-02-29 14:30:56', 0, '0000-00-00 00:00:00', 0, 0, 0),
(40, 'TRA-00040', 49, 1, '2016-02-29 14:31:28', 'developer', 'rahul.amiga07@gmail.com', '5787214877', '2016-03-17', 145454.00, 0, 'SRW', 1, 1, 1, '192.168.1.191', '2016-02-29 14:31:28', 0, '0000-00-00 00:00:00', 0, 0, 0),
(41, 'TRA-00041', 11, 1, '2016-02-29 14:44:27', 'developer', 'rahul.amiga07@gmail.com', '5787214877', '2016-03-17', 145454.00, 0, 'szDfsaf', 1, 1, 1, '192.168.1.191', '2016-02-29 14:44:27', 0, '0000-00-00 00:00:00', 0, 0, 0);

-- --------------------------------------------------------

--
-- Table structure for table `order_date`
--

CREATE TABLE IF NOT EXISTS `order_date` (
  `id` int(100) NOT NULL AUTO_INCREMENT,
  `order_id` int(11) NOT NULL,
  `order_event_date` date NOT NULL,
  PRIMARY KEY (`id`)
) ENGINE=InnoDB  DEFAULT CHARSET=utf8 AUTO_INCREMENT=66 ;

--
-- Dumping data for table `order_date`
--

INSERT INTO `order_date` (`id`, `order_id`, `order_event_date`) VALUES
(1, 1, '2016-02-08'),
(2, 3, '2016-02-22'),
(3, 2, '2016-02-12'),
(4, 2, '2016-02-14'),
(5, 4, '2016-02-12'),
(6, 4, '2016-02-13'),
(7, 4, '2016-02-14'),
(8, 5, '2016-02-12'),
(9, 6, '2016-02-12'),
(10, 7, '2016-02-16'),
(11, 8, '2016-02-16'),
(12, 9, '2016-02-16'),
(13, 10, '2016-02-18'),
(14, 11, '2016-02-12'),
(15, 12, '2016-02-16'),
(16, 13, '2016-02-12'),
(17, 14, '2016-02-17'),
(18, 15, '2016-02-24'),
(19, 16, '2016-03-08'),
(20, 17, '2016-02-29'),
(21, 17, '2016-03-01'),
(22, 17, '2016-03-02'),
(23, 17, '2016-03-03'),
(24, 17, '2016-03-04'),
(25, 17, '2016-03-05'),
(26, 17, '2016-03-06'),
(27, 17, '2016-03-07'),
(28, 17, '2016-03-08'),
(29, 17, '2016-03-09'),
(30, 17, '2016-03-10'),
(31, 17, '2016-03-11'),
(32, 17, '2016-03-12'),
(33, 17, '2016-03-13'),
(34, 17, '2016-03-14'),
(35, 17, '2016-03-15'),
(36, 17, '2016-03-16'),
(37, 17, '2016-03-17'),
(38, 17, '2016-03-18'),
(39, 17, '2016-03-19'),
(40, 18, '2016-03-09'),
(41, 19, '2016-03-05'),
(42, 20, '2016-03-05'),
(43, 21, '2016-03-05'),
(44, 22, '2016-03-06'),
(45, 23, '2016-03-07'),
(46, 23, '2016-03-08'),
(47, 24, '2016-03-06'),
(48, 24, '2016-03-07'),
(49, 25, '2016-03-06'),
(50, 26, '2016-03-06'),
(51, 27, '2016-03-06'),
(52, 28, '2016-03-06'),
(53, 29, '2016-03-06'),
(54, 30, '2016-03-06'),
(55, 31, '2016-03-06'),
(56, 32, '2016-03-06'),
(57, 33, '2016-03-06'),
(58, 34, '2016-03-08'),
(59, 35, '2016-03-08'),
(60, 36, '2016-03-08'),
(61, 37, '2016-03-08'),
(62, 38, '2016-03-08'),
(63, 39, '2016-03-08'),
(64, 40, '2016-03-08'),
(65, 41, '2016-03-05');

-- --------------------------------------------------------

--
-- Table structure for table `pages`
--

CREATE TABLE IF NOT EXISTS `pages` (
  `id` int(11) NOT NULL AUTO_INCREMENT,
  `postition_id` int(11) NOT NULL,
  `header_menu` int(11) NOT NULL,
  `footer_menu` int(11) NOT NULL,
  `slug` varchar(255) NOT NULL,
  `title` varchar(255) NOT NULL,
  `description` text NOT NULL,
  `meta_title` varchar(255) NOT NULL,
  `meta_description` text NOT NULL,
  `meta_keyword` text NOT NULL,
  `created_at` datetime NOT NULL,
  `created_by` int(11) NOT NULL,
  `modified_at` datetime NOT NULL,
  `modified_by` int(11) NOT NULL,
  `is_active` tinyint(1) NOT NULL DEFAULT '1',
  `is_deleted` tinyint(1) NOT NULL,
  PRIMARY KEY (`id`)
) ENGINE=InnoDB  DEFAULT CHARSET=utf8 AUTO_INCREMENT=15 ;

--
-- Dumping data for table `pages`
--

INSERT INTO `pages` (`id`, `postition_id`, `header_menu`, `footer_menu`, `slug`, `title`, `description`, `meta_title`, `meta_description`, `meta_keyword`, `created_at`, `created_by`, `modified_at`, `modified_by`, `is_active`, `is_deleted`) VALUES
(11, 1, 0, 0, 'privacy-policy', 'Privacy Policy', '<p style="font-size: 13px; color: rgb(175, 175, 175); font-family: EkMukta-Regular; line-height: 21px;">this is privacy policy page</p>', 'privacy meta tittle', 'privacy meta description', 'privacy meta keyword', '2016-01-06 14:36:14', 1, '2016-04-12 07:21:46', 1, 1, 0),
(12, 1, 0, 0, 'terms-and-condition', 'Terms and Conditions', '<div><p style="font-size: 13px; color: rgb(175, 175, 175); font-family: EkMukta-Regular; line-height: 21px;">Lorem Ipsum is simply dummy text of the printing and typesetting industry. Lorem Ipsum has been the industry''s standard dummy text ever since the 1500s, when an unknown printer took a galley of type and scrambled it to make a type specimen book. It has survived not only five centuries, but also the leap into electronic typesetting, remaining essentially unchanged. It was popularised in the 1960s with the release of Letraset sheets containing Lorem Ipsum passages, and more recently with desktop publishing software like Aldus PageMaker including versions of Lorem Ipsum.</p><p style="font-size: 13px; color: rgb(175, 175, 175); font-family: EkMukta-Regular; line-height: 21px;">Lorem Ipsum is simply dummy text of the printing and typesetting industry. Lorem Ipsum has been the industry''s standard dummy text ever since the 1500s, when an unknown printer took a galley of type and scrambled it to make a type specimen book. It has survived not only five centuries, but also the leap into electronic typesetting, remaining essentially unchanged. It was popularised in the 1960s with the release of Letraset sheets containing Lorem Ipsum passages, and more recently with desktop publishing software like Aldus PageMaker including versions of Lorem Ipsum.</p><p style="font-size: 13px; color: rgb(175, 175, 175); font-family: EkMukta-Regular; line-height: 21px;">Lorem Ipsum is simply dummy text of the printing and typesetting industry. Lorem Ipsum has been the industry''s standard dummy text ever since the 1500s, when an unknown printer took a galley of type and scrambled it to make a type specimen book. It has survived not only five centuries, but also the leap into electronic typesetting, remaining essentially unchanged. It was popularised in the 1960s with the release of Letraset sheets containing Lorem Ipsum passages, and more recently with desktop publishing software like Aldus PageMaker including versions of Lorem Ipsum.</p><p style="font-size: 13px; color: rgb(175, 175, 175); font-family: EkMukta-Regular; line-height: 21px;">Lorem Ipsum is simply dummy text of the printing and typesetting industry. Lorem Ipsum has been the industry''s standard dummy text ever since the 1500s, when an unknown printer took a galley of type and scrambled it to make a type specimen book. It has survived not only five centuries, but also the leap into electronic typesetting, remaining essentially unchanged. It was popularised in the 1960s with the release of Letraset sheets containing Lorem Ipsum passages, and more recently with desktop publishing software like Aldus PageMaker including versions of Lorem Ipsum.</p></div>', '', '							', '', '2016-01-06 14:36:33', 1, '2016-01-06 15:42:26', 1, 1, 0),
(13, 1, 0, 0, 'how-it-works', 'How it works', '<p style="font-size: 13px; color: rgb(175, 175, 175); font-family: EkMukta-Regular; line-height: 21px;">Lorem Ipsum is simply dummy text of the printing and typesetting industry. Lorem Ipsum has been the industry''s standard dummy text ever since the 1500s, when an unknown printer took a galley of type and scrambled it to make a type specimen book. It has survived not only five centuries, but also the leap into electronic typesetting, remaining essentially unchanged. It was popularised in the 1960s with the release of Letraset sheets containing Lorem Ipsum passages, and more recently with desktop publishing software like Aldus PageMaker including versions of Lorem Ipsum.</p><p style="font-size: 13px; color: rgb(175, 175, 175); font-family: EkMukta-Regular; line-height: 21px;">Lorem Ipsum is simply dummy text of the printing and typesetting industry. Lorem Ipsum has been the industry''s standard dummy text ever since the 1500s, when an unknown printer took a galley of type and scrambled it to make a type specimen book. It has survived not only five centuries, but also the leap into electronic typesetting, remaining essentially unchanged. It was popularised in the 1960s with the release of Letraset sheets containing Lorem Ipsum passages, and more recently with desktop publishing software like Aldus PageMaker including versions of Lorem Ipsum.</p><p style="font-size: 13px; color: rgb(175, 175, 175); font-family: EkMukta-Regular; line-height: 21px;">Lorem Ipsum is simply dummy text of the printing and typesetting industry. Lorem Ipsum has been the industry''s standard dummy text ever since the 1500s, when an unknown printer took a galley of type and scrambled it to make a type specimen book. It has survived not only five centuries, but also the leap into electronic typesetting, remaining essentially unchanged. It was popularised in the 1960s with the release of Letraset sheets containing Lorem Ipsum passages, and more recently with desktop publishing software like Aldus PageMaker including versions of Lorem Ipsum.</p><p style="font-size: 13px; color: rgb(175, 175, 175); font-family: EkMukta-Regular; line-height: 21px;">Lorem Ipsum is simply dummy text of the printing and typesetting industry. Lorem Ipsum has been the industry''s standard dummy text ever since the 1500s, when an unknown printer took a galley of type and scrambled it to make a type specimen book. It has survived not only five centuries, but also the leap into electronic typesetting, remaining essentially unchanged. It was popularised in the 1960s with the release of Letraset sheets containing Lorem Ipsum passages, and more recently with desktop publishing software like Aldus PageMaker including versions of Lorem Ipsum.</p>', 'How it works', '	', '', '2016-01-18 12:10:22', 1, '0000-00-00 00:00:00', 0, 1, 0),
(14, 0, 0, 0, 'about-us', 'About us', '<p>It is a long established fact that a reader will be distracted by the\r\n readable content of a page when looking at its layout. The point of \r\nusing Lorem Ipsum is that it has a more-or-less normal distribution of \r\nletters, as opposed to using ''Content here, content here'', making it \r\nlook like readable English. Many desktop publishing packages and web \r\npage editors now use Lorem Ipsum as their default model text, and a \r\nsearch for ''lorem ipsum'' will uncover many web sites still in their \r\ninfancy. Various versions have evolved over the years, sometimes by \r\naccident, sometimes on purpose (injected humour and the like).</p><p>There are many variations of passages of Lorem Ipsum available, but \r\nthe majority have suffered alteration in some form, by injected humour, \r\nor randomised words which don''t look even slightly believable. If you \r\nare going to use a passage of Lorem Ipsum, you need to be sure there \r\nisn''t anything embarrassing hidden in the middle of text. All the Lorem \r\nIpsum generators on the Internet tend to repeat predefined chunks as \r\nnecessary, making this the first true generator on the Internet. It uses\r\n a dictionary of over 200 Latin words, combined with a handful of model \r\nsentence structures, to generate Lorem Ipsum which looks reasonable. The\r\n generated Lorem Ipsum is therefore always free from repetition, \r\ninjected humour, or non-characteristic words etc.</p><p>There are many variations of passages of Lorem Ipsum available, but \r\nthe majority have suffered alteration in some form, by injected humour, \r\nor randomised words which don''t look even slightly believable. If you \r\nare going to use a passage of Lorem Ipsum, you need to be sure there \r\nisn''t anything embarrassing hidden in the middle of text. All the Lorem \r\nIpsum generators on the Internet tend to repeat predefined chunks as \r\nnecessary, making this the first true generator on the Internet. It uses\r\n a dictionary of over 200 Latin words, combined with a handful of model \r\nsentence structures, to generate Lorem Ipsum which looks reasonable. The\r\n generated Lorem Ipsum is therefore always free from repetition, \r\ninjected humour, or non-characteristic words etc.</p>', 'Lorem Ipsum is simply', '3234', '3443444433', '0000-00-00 00:00:00', 0, '2016-02-01 12:36:17', 1, 1, 0);

-- --------------------------------------------------------

--
-- Table structure for table `plan`
--

CREATE TABLE IF NOT EXISTS `plan` (
  `id` int(100) NOT NULL AUTO_INCREMENT,
  `title` varchar(255) NOT NULL,
  `description` text NOT NULL,
  `plan_price` double(10,2) NOT NULL,
  `created_at` datetime NOT NULL,
  `created_by` int(11) NOT NULL,
  `modified_at` datetime NOT NULL,
  `modified_by` int(11) NOT NULL,
  `is_active` tinyint(1) NOT NULL DEFAULT '1',
  `is_deleted` tinyint(1) NOT NULL,
  PRIMARY KEY (`id`)
) ENGINE=InnoDB  DEFAULT CHARSET=utf8 AUTO_INCREMENT=4 ;

--
-- Dumping data for table `plan`
--

INSERT INTO `plan` (`id`, `title`, `description`, `plan_price`, `created_at`, `created_by`, `modified_at`, `modified_by`, `is_active`, `is_deleted`) VALUES
(1, '6 Month Gold Plan', 'Gold Plan<br>', 0.00, '2015-12-15 16:17:47', 1, '2016-02-05 12:01:24', 1, 1, 0),
(2, '1 Year Premium', 'Premium Plan<br>', 100.00, '2015-12-15 16:18:22', 1, '2016-02-05 12:01:48', 1, 1, 0),
(3, '2  Year Special plan', '<br>', 190.00, '0000-00-00 00:00:00', 0, '2016-02-05 12:38:20', 1, 1, 0);

-- --------------------------------------------------------

--
-- Table structure for table `position`
--

CREATE TABLE IF NOT EXISTS `position` (
  `id` int(11) NOT NULL AUTO_INCREMENT,
  `position` varchar(255) NOT NULL,
  `created_at` datetime NOT NULL,
  `created_by` int(11) NOT NULL,
  `modified_at` datetime NOT NULL,
  `modified_by` int(11) NOT NULL,
  `is_active` int(11) NOT NULL DEFAULT '1',
  `is_deleted` int(11) NOT NULL,
  PRIMARY KEY (`id`)
) ENGINE=InnoDB  DEFAULT CHARSET=utf8 AUTO_INCREMENT=5 ;

--
-- Dumping data for table `position`
--

INSERT INTO `position` (`id`, `position`, `created_at`, `created_by`, `modified_at`, `modified_by`, `is_active`, `is_deleted`) VALUES
(1, 'Header', '0000-00-00 00:00:00', 0, '2015-11-30 20:20:18', 1, 1, 0),
(2, 'Venue Finders', '0000-00-00 00:00:00', 0, '2015-12-22 09:28:11', 1, 1, 0),
(3, 'Footer2', '2015-12-22 09:19:14', 1, '0000-00-00 00:00:00', 0, 1, 0),
(4, 'Footer3', '2015-12-22 09:19:21', 1, '0000-00-00 00:00:00', 0, 1, 0);

-- --------------------------------------------------------

--
-- Table structure for table `role`
--

CREATE TABLE IF NOT EXISTS `role` (
  `id` int(100) NOT NULL AUTO_INCREMENT,
  `role_name` varchar(255) NOT NULL,
  `created_at` datetime NOT NULL,
  `created_by` int(11) NOT NULL,
  `modified_at` datetime NOT NULL,
  `modified_by` int(11) NOT NULL,
  `is_active` tinyint(1) NOT NULL DEFAULT '1',
  `is_deleted` tinyint(1) NOT NULL,
  PRIMARY KEY (`id`)
) ENGINE=InnoDB  DEFAULT CHARSET=utf8 AUTO_INCREMENT=5 ;

--
-- Dumping data for table `role`
--

INSERT INTO `role` (`id`, `role_name`, `created_at`, `created_by`, `modified_at`, `modified_by`, `is_active`, `is_deleted`) VALUES
(1, 'Admin', '0000-00-00 00:00:00', 0, '2015-12-15 16:17:26', 1, 1, 0),
(2, 'Product Executive', '2015-12-14 12:59:59', 1, '2015-12-14 13:03:57', 1, 0, 1),
(3, 'Order Executive', '2015-12-15 16:17:47', 1, '0000-00-00 00:00:00', 0, 1, 0),
(4, 'Sales Executive', '2015-12-15 16:18:22', 1, '0000-00-00 00:00:00', 0, 1, 0);

-- --------------------------------------------------------

--
-- Table structure for table `send_mail_log`
--

CREATE TABLE IF NOT EXISTS `send_mail_log` (
  `id` int(11) NOT NULL AUTO_INCREMENT,
  `send_type` varchar(255) NOT NULL,
  `send_date` datetime NOT NULL,
  `subject` varchar(255) NOT NULL,
  `message` text NOT NULL,
  `email` text NOT NULL,
  PRIMARY KEY (`id`)
) ENGINE=InnoDB  DEFAULT CHARSET=utf8 AUTO_INCREMENT=4 ;

--
-- Dumping data for table `send_mail_log`
--

INSERT INTO `send_mail_log` (`id`, `send_type`, `send_date`, `subject`, `message`, `email`) VALUES
(1, 'send mail to subscibed user', '2016-02-10 13:01:19', 'Order status changed', 'he above code sets the following rules:\r\n\r\n<ol><li>The username field be no shorter than 5 characters and no longer than 12.</li><li>The password field must match the password confirmation field.</li><li>The email field must contain a valid email address.</li></ol>\r\n\r\n<p>Give it a try! Submit your form without the proper data and you''ll see new error messages that correspond to your new rules.\r\nThere are numerous rules available which you can read about in the validation reference.</p>', 'asas@gmsds.com, dsdds@sdfd.com, test@gmail.com'),
(2, 'send mail to  vendor', '2016-02-10 13:13:51', 'Order status changed', 'he above code sets the following rules:\r\n\r\n<ol><li>The username field be no shorter than 5 characters and no longer than 12.</li><li>The password field must match the password confirmation field.</li><li>The email field must contain a valid email address.</li></ol>\r\n\r\n<p>Give it a try! Submit your form without the proper data and you''ll see new error messages that correspond to your new rules.\r\nThere are numerous rules available which you can read about in the validation reference.</p>', 'manjeet@gmail.com'),
(3, 'send mail to  user', '2016-02-10 13:19:31', 'dfdsfds', 'he above code sets the following rules:\r\n\r\n<ol><li>The username field be no shorter than 5 characters and no longer than 12.</li><li>The password field must match the password confirmation field.</li><li>The email field must contain a valid email address.</li></ol>\r\n\r\n<p>Give it a try! Submit your form without the proper data and you''ll see new error messages that correspond to your new rules.\r\nThere are numerous rules available which you can read about in the validation reference.</p>', 'admin@gmail.com');

-- --------------------------------------------------------

--
-- Table structure for table `setting`
--

CREATE TABLE IF NOT EXISTS `setting` (
  `id` bigint(20) unsigned NOT NULL AUTO_INCREMENT,
  `name` varchar(64) COLLATE utf8mb4_unicode_ci NOT NULL DEFAULT '',
  `value` longtext COLLATE utf8mb4_unicode_ci NOT NULL,
  `autoload` varchar(20) COLLATE utf8mb4_unicode_ci NOT NULL DEFAULT 'yes',
  PRIMARY KEY (`id`),
  UNIQUE KEY `option_name` (`name`)
) ENGINE=InnoDB  DEFAULT CHARSET=utf8mb4 COLLATE=utf8mb4_unicode_ci AUTO_INCREMENT=20 ;

--
-- Dumping data for table `setting`
--

INSERT INTO `setting` (`id`, `name`, `value`, `autoload`) VALUES
(1, 'SITE_TITLE', 'Pedicab', 'yes'),
(2, 'SITE_ADDRESS', 'NYC', 'yes'),
(3, 'SITE_MOBILE', '2222222', 'yes'),
(4, 'SITE_EMAIL', 'admin@gmail.com', 'yes'),
(5, 'SITE_LOGO', 'logo11.png', 'yes'),
(6, 'COPYRIGHT', 'Copyright RentYourHall  2015', 'yes'),
(7, 'SUPPORT_EMAIL', 'support@Pedicab.com', 'yes'),
(15, 'FACEBOOK_URL', 'https://www.facebook.com/', 'yes'),
(16, 'TWITTER_URL', 'https://www.Twitter.com/', 'yes'),
(17, 'INSTAGRAM_URL', 'https://www.Instagram.com/', 'yes'),
(18, 'GOOGLE_URL', ' https://plus.google.com/', 'yes'),
(19, 'LINKEDIN_URL', 'https://www.Linkedin.com/', 'yes');

-- --------------------------------------------------------

--
-- Table structure for table `social_media`
--

CREATE TABLE IF NOT EXISTS `social_media` (
  `id` int(11) NOT NULL AUTO_INCREMENT,
  `title` varchar(255) NOT NULL,
  `description` text,
  `image` varchar(255) NOT NULL,
  `url` varchar(255) NOT NULL,
  `is_home` int(11) NOT NULL,
  `created_at` datetime NOT NULL,
  `created_by` int(11) NOT NULL,
  `modified_at` datetime NOT NULL,
  `modified_by` int(11) NOT NULL,
  `is_active` tinyint(1) NOT NULL DEFAULT '1',
  `is_deleted` tinyint(1) NOT NULL,
  PRIMARY KEY (`id`)
) ENGINE=InnoDB  DEFAULT CHARSET=utf8 AUTO_INCREMENT=6 ;

--
-- Dumping data for table `social_media`
--

INSERT INTO `social_media` (`id`, `title`, `description`, `image`, `url`, `is_home`, `created_at`, `created_by`, `modified_at`, `modified_by`, `is_active`, `is_deleted`) VALUES
(1, 'Facebook', NULL, 'fb.png', 'https://www.facebook.com/', 0, '2016-01-15 10:27:34', 1, '0000-00-00 00:00:00', 0, 1, 0),
(2, 'Twitter', NULL, 'twitter.png', 'https://twitter.com/login', 0, '2015-12-22 09:32:53', 1, '2016-01-15 10:23:22', 1, 1, 0),
(3, 'Instagram', NULL, 'instgram.png', 'https://www.instagram.com/?hl=en', 1, '2016-01-15 10:32:21', 1, '2016-01-20 10:16:27', 1, 1, 0),
(4, 'Google', NULL, 'google.png', 'https://plus.google.com/', 1, '2015-12-22 09:34:30', 1, '2016-01-15 10:23:15', 1, 1, 0),
(5, 'Linkedin', NULL, 'linkedin.png', 'https://in.linkedin.com/', 1, '2015-12-22 09:34:56', 1, '2016-01-15 10:23:11', 1, 1, 0);

-- --------------------------------------------------------

--
-- Table structure for table `states`
--

CREATE TABLE IF NOT EXISTS `states` (
  `id` int(100) NOT NULL AUTO_INCREMENT,
  `state` varchar(255) NOT NULL,
  `created_at` timestamp NOT NULL DEFAULT CURRENT_TIMESTAMP ON UPDATE CURRENT_TIMESTAMP,
  `created_by` int(11) NOT NULL,
  `modified_at` datetime NOT NULL,
  `modified_by` int(11) NOT NULL,
  `is_active` tinyint(1) NOT NULL DEFAULT '1',
  `is_deleted` tinyint(1) NOT NULL,
  PRIMARY KEY (`id`)
) ENGINE=InnoDB  DEFAULT CHARSET=utf8 AUTO_INCREMENT=39 ;

--
-- Dumping data for table `states`
--

INSERT INTO `states` (`id`, `state`, `created_at`, `created_by`, `modified_at`, `modified_by`, `is_active`, `is_deleted`) VALUES
(1, 'Abia', '2016-01-07 07:47:09', 0, '2016-01-07 13:17:09', 1, 1, 0),
(2, 'Abuja Federal Capital Territory', '0000-00-00 00:00:00', 0, '0000-00-00 00:00:00', 0, 1, 0),
(3, 'Adamawa', '0000-00-00 00:00:00', 0, '0000-00-00 00:00:00', 0, 1, 0),
(4, 'Akwa Ibom', '0000-00-00 00:00:00', 0, '0000-00-00 00:00:00', 0, 1, 0),
(5, 'Anambra', '0000-00-00 00:00:00', 0, '0000-00-00 00:00:00', 0, 1, 0),
(6, 'Bauchi', '0000-00-00 00:00:00', 0, '0000-00-00 00:00:00', 0, 1, 0),
(7, 'Bayelsa', '0000-00-00 00:00:00', 0, '0000-00-00 00:00:00', 0, 1, 0),
(8, 'Benue', '2016-01-07 07:46:52', 0, '2016-01-07 13:16:52', 1, 1, 0),
(9, 'Borno', '0000-00-00 00:00:00', 0, '0000-00-00 00:00:00', 0, 1, 0),
(10, 'Cross River', '0000-00-00 00:00:00', 0, '0000-00-00 00:00:00', 0, 1, 0),
(11, 'Delta', '0000-00-00 00:00:00', 0, '0000-00-00 00:00:00', 0, 1, 0),
(12, 'Ebonyi', '0000-00-00 00:00:00', 0, '0000-00-00 00:00:00', 0, 1, 0),
(13, 'Edo', '0000-00-00 00:00:00', 0, '0000-00-00 00:00:00', 0, 1, 0),
(14, 'Ekiti', '0000-00-00 00:00:00', 0, '0000-00-00 00:00:00', 0, 1, 0),
(15, 'Enugu', '2016-01-07 07:42:24', 1, '0000-00-00 00:00:00', 0, 1, 0),
(16, 'Gombe', '2016-01-07 07:48:00', 1, '0000-00-00 00:00:00', 0, 1, 0),
(17, 'Imo', '2016-01-07 07:48:22', 1, '0000-00-00 00:00:00', 0, 1, 0),
(18, 'Jigawa', '2016-01-07 07:48:29', 1, '0000-00-00 00:00:00', 0, 1, 0),
(19, 'Kaduna', '2016-01-07 07:48:47', 1, '0000-00-00 00:00:00', 0, 1, 0),
(20, 'Kano', '2016-01-07 07:48:54', 1, '0000-00-00 00:00:00', 0, 1, 0),
(21, 'Katsina', '2016-01-07 07:49:03', 1, '0000-00-00 00:00:00', 0, 1, 0),
(22, 'Kebbi', '2016-01-07 07:49:12', 1, '0000-00-00 00:00:00', 0, 1, 0),
(23, 'Kogi', '2016-01-07 07:49:37', 1, '0000-00-00 00:00:00', 0, 1, 0),
(24, 'Kwara', '2016-01-07 07:49:44', 1, '0000-00-00 00:00:00', 0, 1, 0),
(25, 'Lagos', '2016-01-07 07:49:51', 1, '0000-00-00 00:00:00', 0, 1, 0),
(26, 'Nassarawa', '2016-01-07 07:50:01', 1, '0000-00-00 00:00:00', 0, 1, 0),
(27, 'Niger', '2016-01-07 07:50:09', 1, '0000-00-00 00:00:00', 0, 1, 0),
(28, 'Ogun', '2016-01-07 07:50:15', 1, '0000-00-00 00:00:00', 0, 1, 0),
(29, 'Ondo', '2016-01-07 07:50:24', 1, '0000-00-00 00:00:00', 0, 1, 0),
(30, 'Osun', '2016-01-07 07:50:32', 1, '0000-00-00 00:00:00', 0, 1, 0),
(31, 'Oyo', '2016-01-07 07:50:40', 1, '0000-00-00 00:00:00', 0, 1, 0),
(32, 'Plateau', '2016-01-07 07:50:46', 1, '0000-00-00 00:00:00', 0, 1, 0),
(33, 'Rivers', '2016-01-07 07:51:01', 1, '0000-00-00 00:00:00', 0, 1, 0),
(34, 'Sokoto', '2016-01-07 07:51:08', 1, '0000-00-00 00:00:00', 0, 1, 0),
(35, 'Taraba', '2016-01-07 07:51:17', 1, '0000-00-00 00:00:00', 0, 1, 0),
(36, 'Yobe', '2016-01-07 07:51:26', 1, '0000-00-00 00:00:00', 0, 1, 0),
(37, 'Zamfara', '2016-01-07 07:51:33', 1, '0000-00-00 00:00:00', 0, 1, 0),
(38, 'Utter Predesh', '2016-03-10 05:46:32', 1, '0000-00-00 00:00:00', 0, 1, 0);

-- --------------------------------------------------------

--
-- Table structure for table `status`
--

CREATE TABLE IF NOT EXISTS `status` (
  `id` int(100) NOT NULL AUTO_INCREMENT,
  `status` varchar(255) NOT NULL,
  `created_at` datetime NOT NULL,
  `created_by` int(11) NOT NULL,
  `modified_at` datetime NOT NULL,
  `modified_by` int(11) NOT NULL,
  `is_active` tinyint(1) NOT NULL DEFAULT '1',
  `is_deleted` tinyint(1) NOT NULL,
  PRIMARY KEY (`id`)
) ENGINE=InnoDB  DEFAULT CHARSET=utf8 AUTO_INCREMENT=7 ;

--
-- Dumping data for table `status`
--

INSERT INTO `status` (`id`, `status`, `created_at`, `created_by`, `modified_at`, `modified_by`, `is_active`, `is_deleted`) VALUES
(1, 'Pending', '0000-00-00 00:00:00', 0, '0000-00-00 00:00:00', 0, 1, 0),
(2, 'Completed', '0000-00-00 00:00:00', 0, '0000-00-00 00:00:00', 0, 1, 0),
(3, 'Failed', '0000-00-00 00:00:00', 0, '0000-00-00 00:00:00', 0, 1, 0),
(4, 'Processing', '0000-00-00 00:00:00', 0, '0000-00-00 00:00:00', 0, 1, 0),
(5, 'Declined', '0000-00-00 00:00:00', 0, '0000-00-00 00:00:00', 0, 1, 0),
(6, 'Ongoing', '0000-00-00 00:00:00', 0, '0000-00-00 00:00:00', 0, 1, 0);

-- --------------------------------------------------------

--
-- Table structure for table `task_pedicab`
--

CREATE TABLE IF NOT EXISTS `task_pedicab` (
  `task_id` int(11) NOT NULL AUTO_INCREMENT,
  `task_name` varchar(155) NOT NULL,
  `status` int(11) NOT NULL DEFAULT '1',
  `is_deleted` tinyint(4) NOT NULL DEFAULT '0',
  PRIMARY KEY (`task_id`)
) ENGINE=InnoDB  DEFAULT CHARSET=latin1 AUTO_INCREMENT=34 ;

--
-- Dumping data for table `task_pedicab`
--

INSERT INTO `task_pedicab` (`task_id`, `task_name`, `status`, `is_deleted`) VALUES
(1, 'Advertisement request', 1, 0),
(2, 'Law enforcement request', 1, 0),
(3, 'Approve all out going complains', 1, 0),
(4, 'Manage the entire organization financial', 1, 0),
(5, 'Post information how the money is spend and balance left', 1, 0),
(6, 'Work close with the president in budget spending', 1, 0),
(7, 'See who have paid member due and who havent', 1, 0),
(8, 'how much each member have paid since the join', 1, 0),
(9, 'Monitor total number of members in the website', 1, 0),
(10, 'Member going into contract', 1, 0),
(11, 'Contact members for general meeting via email and message', 1, 0),
(12, 'Have access to members email, phone numbers and address', 1, 0),
(13, 'Access to member rating and comment', 1, 0),
(14, 'Report members to the legal department', 1, 0),
(15, 'Management organization legal document and share it with members', 1, 0),
(16, 'Report Illegal activities to the law enforcement', 1, 0),
(17, 'Receive all public relation complain', 1, 0),
(18, 'Contact law enforcement  via message', 1, 0),
(19, 'Sent public message and video to all members', 1, 0),
(20, 'Write and submit new laws and regulations to members', 1, 0),
(21, 'Collect rider feedback', 1, 0),
(22, 'Contact customers with bad experience', 1, 0),
(23, 'collating and analyze media coverage', 1, 0),
(24, 'Collating and analyze customers complain', 1, 0),
(25, 'managing and updating information and engaging with users on social media sites such as Twitter and Facebook', 1, 0),
(26, 'fostering community relations through events such as volunteers  and through involvement in community initiatives', 1, 0),
(27, 'Create, change password and delete  committee  & president account', 1, 0),
(28, 'Change the homepage slideshow', 1, 0),
(29, 'Change pick-up locations address', 1, 0),
(30, 'Block users', 1, 0),
(31, 'Receive website report', 1, 0),
(32, 'Create law enforcement account', 1, 0),
(33, 'Create Government account', 1, 0);

-- --------------------------------------------------------

--
-- Table structure for table `user_pedicab`
--

CREATE TABLE IF NOT EXISTS `user_pedicab` (
  `user_id` int(20) NOT NULL AUTO_INCREMENT,
  `user_email` varchar(25) NOT NULL,
  `user_type` enum('admin','president','secretary','IT_department','Public_Relation','Legal_department','director') NOT NULL,
  `user_pwd` varchar(20) NOT NULL,
  `user_access` varchar(500) NOT NULL,
  `status` tinyint(10) NOT NULL DEFAULT '1',
  `is_deleted` tinyint(4) NOT NULL DEFAULT '0',
  PRIMARY KEY (`user_id`)
) ENGINE=InnoDB  DEFAULT CHARSET=latin1 AUTO_INCREMENT=8 ;

--
-- Dumping data for table `user_pedicab`
--

INSERT INTO `user_pedicab` (`user_id`, `user_email`, `user_type`, `user_pwd`, `user_access`, `status`, `is_deleted`) VALUES
(1, 'admin@gmail.com', 'admin', '123456', '1,2,3,4,5', 1, 0),
(2, 'director@gmail.com', 'director', '1234', '', 1, 0),
(3, 'legal@gmail.com', 'Legal_department', '1234', '', 1, 0),
(4, 'secretary@gmail.com', 'secretary', '1234', '', 1, 0),
(5, 'it@gmail.com', 'IT_department', '1234', '', 1, 0),
(6, 'president@gmail.com', 'president', '1234', '', 1, 0),
(7, 'public@gmail.com', 'Public_Relation', '1234', '1,2', 1, 0);

-- --------------------------------------------------------

--
-- Table structure for table `vendors`
--

CREATE TABLE IF NOT EXISTS `vendors` (
  `id` int(11) NOT NULL AUTO_INCREMENT,
  `crowed_vendor` tinyint(1) NOT NULL,
  `name` varchar(255) NOT NULL,
  `address` varchar(255) NOT NULL,
  `username` varchar(250) CHARACTER SET latin1 NOT NULL,
  `email` varchar(250) CHARACTER SET latin1 NOT NULL,
  `password` varchar(250) CHARACTER SET latin1 NOT NULL,
  `mobile` varchar(20) NOT NULL,
  `varification_email_code` varchar(255) NOT NULL,
  `is_email_varified` tinyint(1) unsigned NOT NULL,
  `profile_picture` varchar(255) NOT NULL,
  `ac_holder_name` varchar(255) NOT NULL,
  `bank_name` varchar(255) NOT NULL,
  `bank_ifsc` varchar(20) NOT NULL,
  `account_number` varchar(50) NOT NULL,
  `created_at` datetime NOT NULL,
  `created_by` int(11) NOT NULL,
  `modified_at` datetime NOT NULL,
  `modified_by` int(11) NOT NULL,
  `is_active` tinyint(1) NOT NULL DEFAULT '1',
  `is_deleted` tinyint(1) NOT NULL,
  PRIMARY KEY (`id`)
) ENGINE=InnoDB  DEFAULT CHARSET=utf8 AUTO_INCREMENT=10 ;

--
-- Dumping data for table `vendors`
--

INSERT INTO `vendors` (`id`, `crowed_vendor`, `name`, `address`, `username`, `email`, `password`, `mobile`, `varification_email_code`, `is_email_varified`, `profile_picture`, `ac_holder_name`, `bank_name`, `bank_ifsc`, `account_number`, `created_at`, `created_by`, `modified_at`, `modified_by`, `is_active`, `is_deleted`) VALUES
(1, 0, 'Rahul Gupta', 'Noida11', 'rahul', 'rahul.gupta@amigainformatics.co.in', 'f7c3bc1d808e04732adf679965ccc34ca7ae3441', '222222222', '0dca4f61d6babab4427c8d7747baab5e', 0, 'contact-us2.jpg', '', '', '', '', '0000-00-00 00:00:00', 0, '2016-02-25 17:54:16', 1, 1, 0),
(2, 0, 'Manjeet', 'Noida', 'manjeet', 'manjeet@gmail.com', '7940f90ae18a9820fce2fec4a64d4eb79609ea37', '479879*', '59f77a402d385800f63d432c0b31f8a6', 0, 'portfolio1.jpg', '', '', '', '', '2015-12-01 16:46:32', 1, '2016-01-18 14:43:14', 1, 1, 0),
(3, 0, 'Test', 'Noida', 'test', 'test@gmail.com', '4f0f5c96ca8457ccd84c30f91c0555bd7e615c81', '2322323232', 'da4bd84161f1decf3c30b13d58f9e579', 1, '', '', '', '', '', '2016-01-18 15:39:47', 0, '2016-02-10 11:43:12', 1, 1, 0),
(4, 1, '', 'Address', '', 'admin@gmail.com', '', '343343443', '', 0, '', '', '', '', '', '2016-02-10 15:35:40', 0, '0000-00-00 00:00:00', 0, 1, 0),
(5, 1, '', 'sdsd', '', 'admin@gmail.com', '', '343434AAA', '', 0, '', '', '', '', '', '2016-02-10 15:40:12', 0, '0000-00-00 00:00:00', 0, 1, 0),
(6, 0, 'grtykj', 'ghder', 'taneja', 'ajitpatel2049@gmail.com', '19a4b59fde2943ffecc34c63b8b2e14c584fab78', '8149439916', '31673f8cdae264ae801f733c31fbd06f', 0, '', '', '', '', '', '2016-02-12 15:22:03', 0, '2016-02-12 16:51:57', 1, 1, 1),
(7, 0, 'qa', 'fdfgn', 'qwertyuiop', 'ajitpatel2010@gmail.com', 'daaa6e83d4bdd65d3fca5ea3911f8e6ba0b9899e', '123456789000123', '72537d09ec9aff13762a1817481fa817', 0, '', '', '', '', '', '2016-02-12 15:42:16', 0, '2016-02-12 15:45:57', 1, 1, 1),
(8, 0, 'kojiuyg', ';lkojiuy', 'mnbvcxz', 'apoorvagarwal56@yahoo.in', 'f7c3bc1d808e04732adf679965ccc34ca7ae3441', '09911586774', '6bcc412aada7891829ca1dcec36dd375', 0, '', '', '', '', '', '2016-02-12 17:37:49', 0, '2016-02-12 17:39:20', 1, 1, 1),
(9, 1, '', 'sdfgtert', '', 'rahul.amiga07@gmail.com', '', '1254878777', '', 0, '', '', '', '', '', '2016-02-29 17:27:58', 0, '0000-00-00 00:00:00', 0, 1, 0);

-- --------------------------------------------------------

--
-- Table structure for table `vendor_message`
--

CREATE TABLE IF NOT EXISTS `vendor_message` (
  `id` int(100) NOT NULL AUTO_INCREMENT,
  `vendor_id` int(11) NOT NULL,
  `is_read` tinyint(1) NOT NULL,
  `title` varchar(255) NOT NULL,
  `message` text NOT NULL,
  `created_at` datetime NOT NULL,
  `created_by` int(11) NOT NULL,
  `modified_at` datetime NOT NULL,
  `modified_by` int(11) NOT NULL,
  `is_active` tinyint(1) NOT NULL DEFAULT '1',
  `is_deleted` tinyint(1) NOT NULL,
  `is_deleted_by_vendor` int(11) NOT NULL,
  PRIMARY KEY (`id`)
) ENGINE=InnoDB  DEFAULT CHARSET=utf8 AUTO_INCREMENT=11 ;

--
-- Dumping data for table `vendor_message`
--

INSERT INTO `vendor_message` (`id`, `vendor_id`, `is_read`, `title`, `message`, `created_at`, `created_by`, `modified_at`, `modified_by`, `is_active`, `is_deleted`, `is_deleted_by_vendor`) VALUES
(3, 2, 0, 'AA', '', '2015-12-18 17:01:04', 1, '2015-12-18 17:02:37', 1, 1, 0, 0),
(5, 1, 0, 'test', 'zsraser', '2015-12-31 16:25:01', 1, '0000-00-00 00:00:00', 0, 1, 0, 1),
(7, 1, 0, 'test2', 'Lorem Ipsum is simply dummy text of the printing and typesetting industry. Lorem Ipsum has been the industry''s standard dummy text ever since the 1500s, when an unknown printer took a galley of type and scrambled it to make a type specimen book. It has survived not only five centuries, but also the leap into electronic typesetting, remaining essentially unchanged. It was popularised in the 1960s with the release of Letraset sheets containing Lorem Ipsum passages, and more recently with desktop publishing software like Aldus PageMaker including versions of Lorem Ipsum.\n\n\nLorem Ipsum is simply dummy text of the printing and typesetting industry. Lorem Ipsum has been the industry''s standard dummy text ever since the 1500s, when an unknown printer took a galley of type and scrambled it to make a type specimen book. It has survived not only five centuries, but also the leap into electronic typesetting, remaining essentially unchanged. It was popularised in the 1960s with the release of Letraset sheets containing Lorem Ipsum passages, and more recently with desktop publishing software like Aldus PageMaker including versions of Lorem Ipsum.\n\n\nLorem Ipsum is simply dummy text of the printing and typesetting industry. Lorem Ipsum has been the industry''s standard dummy text ever since the 1500s, when an unknown printer took a galley of type and scrambled it to make a type specimen book. It has survived not only five centuries, but also the leap into electronic typesetting, remaining essentially unchanged. It was popularised in the 1960s with the release of Letraset sheets containing Lorem Ipsum passages, and more recently with desktop publishing software like Aldus PageMaker including versions of Lorem Ipsum.', '2016-01-04 09:46:58', 1, '0000-00-00 00:00:00', 0, 1, 0, 0),
(8, 7, 0, 'jaadu', 'lguiefupyook;lhkguujoi', '2016-02-12 16:33:30', 1, '0000-00-00 00:00:00', 0, 1, 0, 0),
(9, 1, 0, 'rahul', '', '2016-03-09 10:57:26', 1, '2016-03-09 11:00:06', 1, 1, 1, 0),
(10, 1, 0, 'rahul', '<div>Lorem Ipsum is simply dummy text of the printing and typesetting industry. Lorem Ipsum has been the industry''s standard dummy text ever since the 1500s, when an unknown printer took a galley of type and scrambled it to make a type specimen book. It has survived not only five centuries, but also the leap into electronic typesetting, remaining essentially unchanged. It was popularised in the 1960s with the release of Letraset sheets containing Lorem Ipsum passages, and more recently with desktop publishing software like Aldus PageMaker including versions of Lorem Ipsum.</div><div><br></div><div>Lorem Ipsum is simply dummy text of the printing and typesetting industry. Lorem Ipsum has been the industry''s standard dummy text ever since the 1500s, when an unknown printer took a galley of type and scrambled it to make a type specimen book. It has survived not only five centuries, but also the leap into electronic typesetting, remaining essentially unchanged. It was popularised in the 1960s with the release of Letraset sheets containing Lorem Ipsum passages, and more recently with desktop publishing software like Aldus PageMaker including versions of Lorem Ipsum.</div><div><br></div><div>Lorem Ipsum is simply dummy text of the printing and typesetting industry. Lorem Ipsum has been the industry''s standard dummy text ever since the 1500s, when an unknown printer took a galley of type and scrambled it to make a type specimen book. It has survived not only five centuries, but also the leap into electronic typesetting, remaining essentially unchanged. It was popularised in the 1960s with the release of Letraset sheets containing Lorem Ipsum passages, and more recently with desktop publishing software like Aldus PageMaker including versions of Lorem Ipsum.</div>', '2016-03-09 11:00:31', 1, '0000-00-00 00:00:00', 0, 1, 0, 0);

-- --------------------------------------------------------

--
-- Table structure for table `venue`
--

CREATE TABLE IF NOT EXISTS `venue` (
  `id` int(100) NOT NULL AUTO_INCREMENT,
  `title` varchar(255) NOT NULL,
  `created_at` datetime NOT NULL,
  `created_by` int(11) NOT NULL,
  `modified_at` datetime NOT NULL,
  `modified_by` int(11) NOT NULL,
  `is_active` tinyint(1) NOT NULL DEFAULT '1',
  `is_deleted` tinyint(1) NOT NULL,
  PRIMARY KEY (`id`)
) ENGINE=InnoDB  DEFAULT CHARSET=utf8 AUTO_INCREMENT=6 ;

--
-- Dumping data for table `venue`
--

INSERT INTO `venue` (`id`, `title`, `created_at`, `created_by`, `modified_at`, `modified_by`, `is_active`, `is_deleted`) VALUES
(1, 'Dedicated event centre', '2015-11-30 13:08:01', 1, '2016-01-21 20:42:42', 1, 1, 0),
(2, 'Hotel hall', '2015-12-10 21:26:53', 1, '2016-01-21 20:42:51', 1, 1, 0),
(3, 'Lounge', '2015-12-11 15:32:42', 1, '2016-01-21 20:42:59', 1, 1, 0),
(4, 'Open Space/Garden', '2015-12-02 00:00:00', 0, '2016-01-21 20:43:23', 1, 1, 0),
(5, 'Others', '2015-12-18 16:30:38', 1, '2016-01-21 20:43:31', 1, 1, 0);

/*!40101 SET CHARACTER_SET_CLIENT=@OLD_CHARACTER_SET_CLIENT */;
/*!40101 SET CHARACTER_SET_RESULTS=@OLD_CHARACTER_SET_RESULTS */;
/*!40101 SET COLLATION_CONNECTION=@OLD_COLLATION_CONNECTION */;
